-- Auto-generated from the original hospital.db (SQLite) - imports the original 72 rows
-- directly into the CURRENT (v4) schema: request headers + medicine line items,
-- plus backfilled patients/medicines catalog rows so everything is immediately usable.
--
-- Run this only against a FRESH database that already has the v4 schema
-- (i.e. after db/schema.sql, or after the app has created its tables once).
--
-- Note: MySQL's default collation is case-insensitive, so a couple of the
-- original test patient names that only differ by case (e.g. "Bassu" vs
-- "bassu") collapse into one patients row here. This is harmless - the app
-- looks patients up case-insensitively too, so login/history still work
-- correctly either way.
USE hospital_db;

-- Patients (backfilled from the original patient_id strings; names default to the ID
-- itself as a placeholder - rename these properly from the Admin Dashboard).
INSERT IGNORE INTO patients (patient_id, name, created_at) VALUES
('Bassu', 'Bassu', NOW()),
('Pavan', 'Pavan', NOW()),
('Rishi', 'Rishi', NOW()),
('akasha .R', 'akasha .R', NOW()),
('bassu', 'bassu', NOW()),
('basuu', 'basuu', NOW()),
('gagan', 'gagan', NOW()),
('hanmaya', 'hanmaya', NOW()),
('muttu', 'muttu', NOW()),
('p101', 'p101', NOW()),
('p1010', 'p1010', NOW()),
('p150', 'p150', NOW()),
('p20006', 'p20006', NOW()),
('pavan', 'pavan', NOW()),
('r123', 'r123', NOW());

-- Medicine catalog (backfilled from the original free-typed medicine names; form/unit
-- default to placeholders - correct these from the Pharmacy Dashboard).
INSERT IGNORE INTO medicines (name, form, unit, created_at) VALUES
('Drg', 'Other', 'unit(s)', NOW()),
('Drug', 'Other', 'unit(s)', NOW()),
('Drugs ', 'Other', 'unit(s)', NOW()),
('Ghjdb', 'Other', 'unit(s)', NOW()),
('Password ', 'Other', 'unit(s)', NOW()),
('adrenalin', 'Other', 'unit(s)', NOW()),
('cardicac medicine ', 'Other', 'unit(s)', NOW()),
('hbsdfh', 'Other', 'unit(s)', NOW()),
('insulin', 'Other', 'unit(s)', NOW()),
('paracetamol', 'Other', 'unit(s)', NOW()),
('sur', 'Other', 'unit(s)', NOW()),
('surgry', 'Other', 'unit(s)', NOW()),
('xyz', 'Other', 'unit(s)', NOW()),
('xyz ', 'Other', 'unit(s)', NOW());

-- Request headers (one per original row, medicine/quantity/cost moved to request_items below)
INSERT INTO requests (id, patient_id, ward, request_time, qr_status, qr_time, delivery_status, delivery_time, qr_data, payment_status, payment_time) VALUES
(1, 'p20006', 'w16', '28-03-2026 11:46 AM', 'Generated', '29-03-2026 07:40 PM', 'Pending', NULL, NULL, 'Unpaid', NULL),
(2, 'p101', 'w7', '28-03-2026 11:55 AM', 'Generated', '28-03-2026 11:56 AM', 'Pending', NULL, NULL, 'Unpaid', NULL),
(3, 'akasha .R', 'w12', '28-03-2026 11:59 AM', 'Generated', '28-03-2026 12:01 PM', 'Pending', NULL, NULL, 'Unpaid', NULL),
(4, 'gagan', 'w12', '29-03-2026 01:53 PM', 'Generated', '29-03-2026 07:40 PM', 'Pending', NULL, NULL, 'Unpaid', NULL),
(5, 'gagan', 'icu', '29-03-2026 07:56 PM', 'Generated', '29-03-2026 07:59 PM', 'Pending', NULL, NULL, 'Unpaid', NULL),
(6, 'gagan', 'icu', '29-03-2026 07:57 PM', 'Generated', '29-03-2026 07:58 PM', 'Pending', NULL, NULL, 'Unpaid', NULL),
(7, 'gagan', 'icu', '30-03-2026 10:24 AM', 'Generated', '30-03-2026 10:24 AM', 'Pending', NULL, NULL, 'Unpaid', NULL),
(8, 'bassu', 'gjjcb', '30-03-2026 11:40 PM', 'Generated', '30-03-2026 11:47 PM', 'Pending', NULL, NULL, 'Unpaid', NULL),
(9, 'p20006', 'ICU', '30-03-2026 11:40 PM', 'Generated', '30-03-2026 11:41 PM', 'Pending', NULL, NULL, 'Unpaid', NULL),
(10, 'Rishi', 'W16', '30-03-2026 11:50 PM', 'Generated', '31-03-2026 12:04 AM', 'Pending', NULL, NULL, 'Unpaid', NULL),
(11, 'bassu', 'ICU', '31-03-2026 12:08 AM', 'Generated', '31-03-2026 12:08 AM', 'Pending', NULL, NULL, 'Unpaid', NULL),
(12, 'bassu', 'ICU', '31-03-2026 12:15 AM', 'Generated', '31-03-2026 12:15 AM', 'Pending', NULL, NULL, 'Unpaid', NULL),
(13, 'pavan', 'w16', '31-03-2026 12:16 AM', 'Generated', '31-03-2026 12:17 AM', 'Pending', NULL, NULL, 'Unpaid', NULL),
(14, 'Bassu', 'W16', '31-03-2026 01:26 AM', 'Generated', '31-03-2026 01:48 AM', 'Pending', NULL, NULL, 'Unpaid', NULL),
(15, 'p20006', 'w16', '31-03-2026 10:07 AM', 'Generated', '31-03-2026 10:08 AM', 'Pending', NULL, NULL, 'Unpaid', NULL),
(16, 'r123', 'ICU', '31-03-2026 10:15 AM', 'Generated', '31-03-2026 10:15 AM', 'Pending', NULL, NULL, 'Unpaid', NULL),
(17, 'p20006', 'ICU', '01-04-2026 01:33 PM', 'Generated', '01-04-2026 01:34 PM', 'Pending', NULL, NULL, 'Unpaid', NULL),
(18, 'p20006', 'ICU', '02-04-2026 04:04 PM', 'Generated', '02-04-2026 04:06 PM', 'Pending', NULL, 'iVBORw0KGgoAAAANSUhEUgAAAZoAAAGaAQAAAAAefbjOAAADJ0lEQVR4nO1ca26jQAz+DEj9CVIO0KMMN9gjrfZIvUE4Sg9QCX5WAnnlx5CkWmmbTbaUjD+1E8KMVfBYHj9LjKsxVNfTAEHkCEY4ghGOYIQjGOEIRjiCEXtiBDkaAFNjXzF0C1EPGaa8oN/k8a5EEN3CCLAAST/G2odjnvArnVjXHYPljkdmxJQVwNDJ2DJjoAb0k2fohGuQjR7vKgTRLYxoPt5I4wEE+Um8EDB1YEyXa4LlpTGCj6iZf9ETA+38P//S3xBEm+mIViJVk+oG+W3fbOChGy2GdR7Jin16fMvSUTPS+KchLwjLshAdwet3BuSYaN8Jw/MMHjpVGbynd6qC6B7e52zWg7oZdiWawbzPYzu7M2oeabDc8YiMgO/yqBsv2y27L1fmgqZTjEJszDg1Cjk1SMf0Kj7nCCagmZFe7LbM1qD0+iQTX/t4VRBtpSPYA5LubmZ94EvEvDSVEadGQaeGQS0K/6pnhZsVYUeUJRFHNSWzjWkTx9Ujdbd0XfzN36kKojtIRJuDEm5K6rVfZUMzOxwhEaXIXjLDYZFQhIrAOxE9a6ZrIZWNyIbvdnM/j2wfzOdJb59wPzSfKaEjSvM1ILu/BqxyzcSl0MSpUVBeg233LVLp9qSZEJHXKI6IVQQkkUF96yUyGQudTo2NHu9KBNGdfA1eNcNFmsMDVhGPKET2cCqnhCe5cCYCFqk0PzTsiJJqsXu1GaYmC4PkMKQCW+9ZkkvLLqMWe3+b+2/1EcOPN2K0o6S7LKFFWl1JWkgFLA0nXpp9vFMVRHeszofC49meDfeV2TeNmGUBsser9WAuhTTvWPRS4bIRMctdbu4N9RFAPatCkIGB6cBkvsZ0mDHQWn33zd+pCqLbGZFyfFJtTG/re1ZtgY/lEsHyh5a9xj+nDkgvYmN2o6gCLdYnVwqiHuQQaUJHlEdEvXQCW/9vbt5xK2OShp6NH+9TCKJ7dvnx0C+UNUMtfmg9kzmeEt5OKhzBckchveE4bwtXCfACzPA+y+zp4vmsS+NMGE5NG1FD9chEFP+ZbBf7VAWRIRjhCEY4ghGOYIQjGOH4OsvyNzV+qogs8iLMAAAAAElFTkSuQmCC', 'Unpaid', NULL),
(19, 'p20006', 'ICU', '02-04-2026 04:06 PM', 'Generated', '02-04-2026 07:48 PM', 'Pending', NULL, 'iVBORw0KGgoAAAANSUhEUgAAAZoAAAGaAQAAAAAefbjOAAADMklEQVR4nO1cW46jQAy0A9J8wg3mKHCz0R5pbwBHyQFGoj8jEXnlR7eS+Vo2aBHpqo+oCbHSMVZ12e0OC23GfNluQwSjABwRgCMCcEQAjgjAEQE44kyO4EBLzL1dtn7bL8eUPzAeMr2NgNEOjhhEsRDJRHcWkdWDIb/X2P2sQuHyChyRggD46/ohNPd3likx28hvFN44zW/aBBgFylMOyPx5YxoWEqJuISb6EKJET4D3KooIGq4tydx/tzJc23XHb7rA6FSO6ERkssXhc/WwoNlGElFh2uKw6W0CjHZwxGyZRG8c8SE8UiP8pWFBqSUe6e6pxg7ftA0wOmjVkHItc9/o5Y2JulVHygzdc60bz+ntHcFjMj4wFrjrSyNBD4nZMtLMFkdMbyNg9IojyAsNU6fFhi6Eg0x55B9RgeH1CKtbTHB54O1zjWSliEV4WO4ks8mG7rt1+TCPzXqO33SB0escIUsjj6SglGFs4TVLpQyTFU4ocHngzSNC7OlbbFgy6pdPYYGIqCf77K0UkXcuhiVuRwFb01JVlkdNbxtg9DpHkOtJXzBUVPr+VvmIBYivJFg16oi9uS86QuVlefr2wmOuaB41vW2A0Q4cQSYSspjwPDTey9kndEQdsUchFsk4ItaPzBGoR9RcoVqzXPh518JC48UTVOiISrLPApMLUYpoHtPSqGMiIirZ1yBtlfJ9jUZkSrYBqrsZ3U17qIwjDpveRsBop30NsRXCOy5LT6WJCU9G/SPgiFpyDfEQyEXK5vGy1CiwalRUxabIMBweAtaBXRSFjcARtXAEGSmohCg7XV6UKHC1iYiow0iCAFay+qTtYUSRMmcYVtZEx0x9Z7pI5QKPnXbVeVhENxV2us76cP9t1RhcTMSqEdUol5KZI9AfUeeZLnJ5qRyhO+TyS3lDO7WPnd4mwGjXEzyUWDuwI/tkPdjlo+F3SzwYhcDlgRocwaYs7fiGlTCHaz7IYQd6jp7eXwFGe3BEp5yQ9ORGalcell5HdpBDlBnurd7H2fCa6hGG3GJpfw9gZWvvwc1VbNQs39+I8c9kp3hOFxg54IgAHBGAIwJwRACOCPw/ZfkHUDJv/YCZAdoAAAAASUVORK5CYII=', 'Unpaid', NULL),
(20, 'p20006', 'ICU', '02-04-2026 04:29 PM', 'Generated', '02-04-2026 04:30 PM', 'Pending', NULL, 'iVBORw0KGgoAAAANSUhEUgAAAZoAAAGaAQAAAAAefbjOAAADMklEQVR4nO1cW46jQAy0A9J8wg3mKHCz0R5pbwBHyQFGoj8jEXnlR7eS+Vo2aBHpqo+oCbHSMVZ12e0OC23GfNluQwSjABwRgCMCcEQAjgjAEQE44kyO4EBLzL1dtn7bL8eUPzAeMr2NgNEOjhhEsRDJRHcWkdWDIb/X2P2sQuHyChyRggD46/ohNPd3likx28hvFN44zW/aBBgFylMOyPx5YxoWEqJuISb6EKJET4D3KooIGq4tydx/tzJc23XHb7rA6FSO6ERkssXhc/WwoNlGElFh2uKw6W0CjHZwxGyZRG8c8SE8UiP8pWFBqSUe6e6pxg7ftA0wOmjVkHItc9/o5Y2JulVHygzdc60bz+ntHcFjMj4wFrjrSyNBD4nZMtLMFkdMbyNg9IojyAsNU6fFhi6Eg0x55B9RgeH1CKtbTHB54O1zjWSliEV4WO4ks8mG7rt1+TCPzXqO33SB0escIUsjj6SglGFs4TVLpQyTFU4ocHngzSNC7OlbbFgy6pdPYYGIqCf77K0UkXcuhiVuRwFb01JVlkdNbxtg9DpHkOtJXzBUVPr+VvmIBYivJFg16oi9uS86QuVlefr2wmOuaB41vW2A0Q4cQSYSspjwPDTey9kndEQdsUchFsk4ItaPzBGoR9RcoVqzXPh518JC48UTVOiISrLPApMLUYpoHtPSqGMiIirZ1yBtlfJ9jUZkSrYBqrsZ3U17qIwjDpveRsBop30NsRXCOy5LT6WJCU9G/SPgiFpyDfEQyEXK5vGy1CiwalRUxabIMBweAtaBXRSFjcARtXAEGSmohCg7XV6UKHC1iYiow0iCAFay+qTtYUSRMmcYVtZEx0x9Z7pI5QKPnXbVeVhENxV2us76cP9t1RhcTMSqEdUol5KZI9AfUeeZLnJ5qRyhO+TyS3lDO7WPnd4mwGjXEzyUWDuwI/tkPdjlo+F3SzwYhcDlgRocwaYs7fiGlTCHaz7IYQd6jp7eXwFGe3BEp5yQ9ORGalcell5HdpBDlBnurd7H2fCa6hGG3GJpfw9gZWvvwc1VbNQs39+I8c9kp3hOFxg54IgAHBGAIwJwRACOCPw/ZfkHUDJv/YCZAdoAAAAASUVORK5CYII=', 'Unpaid', NULL),
(21, 'pavan', 'ICU', '02-04-2026 07:56 PM', 'Generated', '02-04-2026 07:56 PM', 'Pending', NULL, 'iVBORw0KGgoAAAANSUhEUgAAAZoAAAGaAQAAAAAefbjOAAADRUlEQVR4nO1cbY6jMAy1Aak/U2kOMEehN9gjrXqkuUE5Sg8wEvlZCeSVHQeqrlYaZtjtZvLejw4ELMCxnOePDAttxtBslyGCkAOKcEARDijCAUU4oAgHFFGSItjREVHsiIYjEZ8iMxHNTBTzDaenvN5GQGgHRfSiGO14ZjMGuVArNPBB+EStXc8sFCqvQBHRHQDzUU/DRHwy90Cz2oa5ke55r7cJENpXEWEi6q++dFA/tuoj/sqTPgAI/XNFdL+NxI5keJ06IZo7Gn7cWCju8KQGQkVZRFCOYBMf3jvux5m4f3vRwTaxBynnmxoIfV0Rg0UStkxcD0IU9UfZw89rlxiFYYcnbQOEnuQjZB0YjuR8kuLMMhzb7EG++KQGQkUoglJU2afAsxW5BBELLkREOeaogedy1XD5z7+pgdAOFiE6+zIlO1itJJ1qZkJkbPU+WEQlthcPmo2ymNOopKUi9Egv9HLTbIVnJor5pk2A0KOPEHcUBltEbMzMQpcOP4KPqMWMIrOc+ZBnP0wkZ3UZZhvDq60pN8QaZU7uNni9Ithf4ww6ZlQyLLRC6aWzTfCISipdV+bEI9wp6MxftcgVD8KsPuKZr7cNENrDR9B65HTBOcPiPBBr1GR74pVvrYGHG8v5aGMWcGinhNU+V0dRxDdtBIQyPOs0qglY2dOyECm4sIAD+YiKV43RFoxpsQ3jk0vMCWZZ06ohoy4OageaobL6FlHQcDONPff1NgJCe0Wfl5yNyllsy0wYvVQKERa2CZU7vqMi6CHCkJR7sFRESlzmfMQKWEQltU+xgtZqDGux03gnLKK6Hiqm8K7hZqftU94zwRSScWii+2Uq45saCO2kiF7bp9ZyV0LsUn+28U7s1/j+tkf3BEG8AJqaZVJX9kMVFDyitj1domTCnIJcrNnSwgzd59WP6I8ocnI/3x8hS4bqIerIPiLv/UKsUUufZZ9z13dtdEt3vlsJLKI6oT5lL72NzseMVuSNgOV900cAoT/u6TKk/Rpi23gs8NSOyxbRZ4U8QtKCsfZHrD356M6vrfZJD80yKXe9JKi8yQ7MsrI9XXJ36vWt9Wb8/4iyJreBUAIU4YAiHFCEA4pwQBGOTzHLX52cmKqzcTfHAAAAAElFTkSuQmCC', 'Unpaid', NULL),
(22, 'pavan', 'ICU', '02-04-2026 08:03 PM', 'Generated', '02-04-2026 08:03 PM', 'Pending', NULL, 'iVBORw0KGgoAAAANSUhEUgAAAZoAAAGaAQAAAAAefbjOAAADMUlEQVR4nO1cbW6bQBCdAST/xFIO4KMsN+iReqbcwHsU3wB+RsKaaj4WJ6kqmYaW0n3vB8HgEWb2ab43LLQauVkvQwShABQRgCICUEQAighAEQEo4kiK4EBHlO1wJuJhYiaiOxNN5QvDLj9vJSC0gSKSKEY97d/YyCBXaoUyn4QHau1+iUKh8goUMYUB4O9Oi5l4MPNAd+WGmZFuv5+3ChDaVBFZFz7dwnVQGlu1EX/iSc8AQn9dEd1PV/qRKF/mTojuHeVvbyw0bfCkBkKHUkQvYs7BkUaLLE8aOLQePYjIvN/PWwUIbaCIbJmEuYlbt5BBwwr7SHdPNTZ40jpAaCevIY8L+UwRT9J0Z8nn1izI15/UQOgQiiDPKpNlGJpkXvuZzH+4m9DIMtLSkoLK9R9/pwZCX2aE6Or7wRixsCSuGRnGVrxuAUbUwIjxEUAGQcIomI1wa1HughEVeA3q7aALX1bfHIbnGu/OwIhaGEF6tviFxVcEGZQvThUwohobMWsIYUUJ44He8ohCD+o6ItqE16gl12jLmtuZcsNNRrERYER9cYRjMQXhIfxGGAp4jVqE5FoKlx4zaJNLrt771Hq29T4vqGIfcnHXIuzBqBTolyTTHYYNTqAeUWcVe9I/00lY2542NqPp5kyZW+GkyUgeiOUQ79RAaCNFJMsvbycp0zHqNdRu2KTElk96GhDaSxHZgoRJebBUsbUkZSGERRQ89FJmZ7BOgf88+6T0qfawxBFRyi5AFbsGRkgJIKMUYfcWHiwtDTCinqm6VlgH6piomzm9xsyEXQtML/Mx3qmB0FaR5Y3Zw8t3mDqy4SoefD57kyc9DQjt1g0vKB0OpUUpT1ilEr3PqrwGx6d2FitK6HXJg571Wp5Qh5Fez6hH1BRZKpZKpbc5vOcVPXD/NrrhVc1ZpscglU9XljkZQwxOIPusTSjpVg2+6ObP0umKaLNsBDzeOz0DCP1yT5fB92sIcXp9scRTiKYW2WeFcYR8no94zORjOr+2OUuK2doyThnBxPLN0vBAFbuqPV3yCCWtHvFhOxf+f8SxFreBkAOKCEARASgiAEUEoIjAb0WWPwDR1KsfiA9IbgAAAABJRU5ErkJggg==', 'Unpaid', NULL),
(23, 'bassu', 'w16', '02-04-2026 08:08 PM', 'Generated', '02-04-2026 08:09 PM', 'Pending', NULL, 'iVBORw0KGgoAAAANSUhEUgAAAcIAAAHCAQAAAABUY/ToAAAEEElEQVR4nO1cbY6bQAz1mEj5OZFygD0K3KzqkXqDcJQ9QCX4uRKRK9szA1kVTQK0SQa/HywQPxXokz/GBkewDC0uJAIYMwfMWszBmDlg1mIOxswBsxZzMGYOmLWYgzFzwKzFHIxZ4hNyAQeA9sSHp6uegJb3GjZp+mjVvO19LgEuYu2JedA/9YW3/RkcgAMCuMrmANAfCdpTxz9Xg9i6510tGvOFn1Af/UstcoFK6zXX+AHcj+7qiFWmrur5V/s4cAFHYcxFT8g1cHXQsl7qzwOofJp7mHcBjVnUEzp8O6b2QzxQRVATxzL/pbGLoN/q30RjFvmEPJG4G4Hm1E1/JPrpjkQXTyR+iIiG977Px4ELOLv0Q606mwpc/XkYoP51JDnj6u4czgHHtydfLRrzZTVE44n2xIWXRDDetB+sHi+b27aI/X/mgDthAjGglj8dZ0EdcBJd8SHECk00xOc43IkpXd7rPtGY/1hDdPFDUJOe61gvXg6DmjQVqvkH09B9wJ0w4UY5vD5EQ9SQFmchiRYNidbUaZkfKkwJuNYPkcQtdUZJKupzgqREOVK/mYaKVAJuU9v30tfgQ97jQsy5k+RDX45+OlltTMXZe97n48AFnN3GMtAYFdsc8dyQNjewWFaYEnC9hqpQkkncUkhOzQ5KVxZ1z2JZoUrA9XUZJYRUKDY8hkmyPWW8132iMf9LLGOMnkblc5FEKa4PqbisLrsPuLe6rKJJNRbWGKtJkAuSYoppqEQl4Oq+vWdP0/MR12Dgfztqm4oPee/EDX0najoPNoNWpBJwMRNCdgNpfSh2OEIW1IUINq5dWz5UpBJwMRNiAiSBKgQ0bYtp/6MLXbII63UUqgRcnVP7IKRQkkWPRKHJGhawTUPlKgG30BBNolVaKaqjpCYdfMupS1QCrs+HqomQvtX2EOZBGKahUpWAq5n+y8n8vYzja1tMZvLhZnpxmhm9530+DlzA2XFO7UNLY7KUqNDD5Jb4lK1TF6YEXK2hLo6aTauxKnXOYoqtxqahApWAm/ghSh2xNPIK035ZWEdS12R+qDAl4Ho/BIzY4ahvKjRIr72ODNNQaUrA1f2yiLhI9Pf5IbB56mKVgBv17avQbg1j00MqxFLL3vr2pSoBN3s3iMbB/PEFoTrmQ3Hk2mJZeUrATfKhejKEn4TkYywLsPmhQpWAGzJ7Hsz/YJ/De9rrkKEQjXThKzKvcrX3Au+2/A5jPv6EvHzoQ1anr2mxWvyVvD8dvt5gzzYP3NsMGrEL4vftm/HdoOHgamI16a+np18tGvMtvvvRnQedXuTg5XRpSOVTDQ78U68WjfmCT8jZN84zwJzBLIyZA2Yt5mDMHDBrMQdj5oBZizkYMwfMWszBmDlg1gJ2zvwDPQtueSLoKAYAAAAASUVORK5CYII=', 'Unpaid', NULL),
(24, 'bassu', 'w16', '02-04-2026 08:13 PM', 'Generated', '02-04-2026 08:14 PM', 'Pending', NULL, 'iVBORw0KGgoAAAANSUhEUgAAAcIAAAHCAQAAAABUY/ToAAAEXElEQVR4nO1cW26jUAy1HaT5JFIX0KWQnVWzpNlBspTZAXxGAnnkxw1pVXThJpkm4PPRBvARL8vvCzKU4USFRIBg5kBZiSkEMwfKSkwhmDlQVmIKwcyBshJTCGYOlJWYQjDX+ITQUdkvOO19H5z2A+JBRA5dkjq87H2WgIpYG2Q2LGgB+Ag7hqYdUDcBul+sKgUAOxXiV77PAlAJaZPMzu0LfvBZbI1ozrvqy4B6VKXUVD3B1S4HFXAMwcyh+rLNYm4AujdAqIeKGwbA5s8eGLrPkvFsc6DNMjuPh9R5AXSiZXUPHgU95pxzQbMlvyKYj39CNTMf1VuJB2v4jNBIPKTadNqLNomVYu7vd87loAKOIZgPf0InTbhEX5q/leRgv8wE4Ufr+zQyslztTucsAJWQFMF8dDzEl20+vZ+RoZNIWsLp03svR8X61J/bIvFWcqBNMfGgYY+lXzvGQ82S0e/Ev0l9qEPUX2aboj60Xk24KR46I+K7BjsD8lFVyiChkMbUKbq+2zmXgwo4hmA+7gmBlQ2lxmj6opG0hNj6i7mVfRpJ1xcRoRzjreRAW2MOqMYoZWi6yez7JMS2wLrupZT941e7GLSc4ghmFjxCdIOPpiXXFoklo9d9ejTs0EzQtnyZICmStMVMfXrRl96rQk2b+mXhy9aoCXSPeIhH62OhkFkf7cOm8qIdjXhohZpAN/uyVtOvZJGOGhSpGzOlEWOkXf3wZWvVBCpmVv6/1spi1TN0ezc3ApQ/tk/RtMNPXi0F84l9WZucl3fExlmhXTJGNl10iZvifeZA2/NlrDm714JScgYpmU/BdtSHVqoJdHNeVnsVcRxmvM7GWjdLGiNFTL1KTaCbmV3lLXuUOQ+Z/cCD2SGtO2qh0Zv3UWNctSaUMtkLiGe0zOuiL6DT+dIqw4PWrrUje8UsAQVzjXlZ076J5uwlEUMfBTmhDoV4IuazsF3Vv+R9UjAfHVMfzQ6N0bVXG/lSJHIDJSF25GXzQBtj1smDyQyaLu5IQ9VDWlDWVZahhS9btSbctq6jkTUcADIGK2FP8+etF2PECLDrsWlVp3yy+tXuk4L5P3qu4AriXm30ZeBl60s3LWqMs0CbYvLYFpPkzMeJVGn+ynysRkG6zMNGHX/2aktARSxBMOf5MoS6rxi6N3FZg2zuGLUq1BxZ/JtsWvcsfNls0AZn0ATXk4pf5oesrxa9jpVqAt3tux+gWmLqI/HQb7xebvYcV1sCKmIJgpkFq/Xx7374tGv6w14aGu2Q26bo288BbfS7HyDz9/hhC1vB2mdmoGQp7LNc7XJQAccQzMVPqJFPD/3efzMVW481gG+Zs0HBXPUTQunW40cr7Va1PlK2loX4Y7H6ia52PmiB7GcEc3k8BIrL9CKnBtnFGBlijjEL2mqdukn91U/KBX7UFsCGDq1QE6iYifGN81W9TwpmBpQTmEQwc6CsxBSCmQNlJaYQzBwoKzGFYObwWk/oH5zk5rSgb3jFAAAAAElFTkSuQmCC', 'Unpaid', NULL),
(25, 'bassu', 'w16', '02-04-2026 08:14 PM', 'Generated', '02-04-2026 08:50 PM', 'Pending', NULL, 'iVBORw0KGgoAAAANSUhEUgAAAcIAAAHCAQAAAABUY/ToAAAEXElEQVR4nO1cW26jUAy1HaT5JFIX0KWQnVWzpNlBspTZAXxGAnnkxw1pVXThJpkm4PPRBvARL8vvCzKU4USFRIBg5kBZiSkEMwfKSkwhmDlQVmIKwcyBshJTCGYOlJWYQjDX+ITQUdkvOO19H5z2A+JBRA5dkjq87H2WgIpYG2Q2LGgB+Ag7hqYdUDcBul+sKgUAOxXiV77PAlAJaZPMzu0LfvBZbI1ozrvqy4B6VKXUVD3B1S4HFXAMwcyh+rLNYm4AujdAqIeKGwbA5s8eGLrPkvFsc6DNMjuPh9R5AXSiZXUPHgU95pxzQbMlvyKYj39CNTMf1VuJB2v4jNBIPKTadNqLNomVYu7vd87loAKOIZgPf0InTbhEX5q/leRgv8wE4Ufr+zQyslztTucsAJWQFMF8dDzEl20+vZ+RoZNIWsLp03svR8X61J/bIvFWcqBNMfGgYY+lXzvGQ82S0e/Ev0l9qEPUX2aboj60Xk24KR46I+K7BjsD8lFVyiChkMbUKbq+2zmXgwo4hmA+7gmBlQ2lxmj6opG0hNj6i7mVfRpJ1xcRoRzjreRAW2MOqMYoZWi6yez7JMS2wLrupZT941e7GLSc4ghmFjxCdIOPpiXXFoklo9d9ejTs0EzQtnyZICmStMVMfXrRl96rQk2b+mXhy9aoCXSPeIhH62OhkFkf7cOm8qIdjXhohZpAN/uyVtOvZJGOGhSpGzOlEWOkXf3wZWvVBCpmVv6/1spi1TN0ezc3ApQ/tk/RtMNPXi0F84l9WZucl3fExlmhXTJGNl10iZvifeZA2/NlrDm714JScgYpmU/BdtSHVqoJdHNeVnsVcRxmvM7GWjdLGiNFTL1KTaCbmV3lLXuUOQ+Z/cCD2SGtO2qh0Zv3UWNctSaUMtkLiGe0zOuiL6DT+dIqw4PWrrUje8UsAQVzjXlZ076J5uwlEUMfBTmhDoV4IuazsF3Vv+R9UjAfHVMfzQ6N0bVXG/lSJHIDJSF25GXzQBtj1smDyQyaLu5IQ9VDWlDWVZahhS9btSbctq6jkTUcADIGK2FP8+etF2PECLDrsWlVp3yy+tXuk4L5P3qu4AriXm30ZeBl60s3LWqMs0CbYvLYFpPkzMeJVGn+ynysRkG6zMNGHX/2aktARSxBMOf5MoS6rxi6N3FZg2zuGLUq1BxZ/JtsWvcsfNls0AZn0ATXk4pf5oesrxa9jpVqAt3tux+gWmLqI/HQb7xebvYcV1sCKmIJgpkFq/Xx7374tGv6w14aGu2Q26bo288BbfS7HyDz9/hhC1vB2mdmoGQp7LNc7XJQAccQzMVPqJFPD/3efzMVW481gG+Zs0HBXPUTQunW40cr7Va1PlK2loX4Y7H6ia52PmiB7GcEc3k8BIrL9CKnBtnFGBlijjEL2mqdukn91U/KBX7UFsCGDq1QE6iYifGN81W9TwpmBpQTmEQwc6CsxBSCmQNlJaYQzBwoKzGFYObwWk/oH5zk5rSgb3jFAAAAAElFTkSuQmCC', 'Unpaid', NULL),
(26, 'p20006', 'w16', '02-04-2026 08:15 PM', 'Generated', '02-04-2026 08:24 PM', 'Pending', NULL, 'iVBORw0KGgoAAAANSUhEUgAAAcIAAAHCAQAAAABUY/ToAAAEFUlEQVR4nO1cWW6jQBCtLizlE6QcIEfBNxvNkXIDOIoPMJL5jIRVo1qadjJCbQMZhabeB16opwT8VF1bEwiWoceFRABn5oBZizk4MwfMWszBmTlg1mIOzswBsxZzcGYOmLWYgzNLvEPBcIJwHvigJ2/6LfQNfxqi1Xm317kEuIh1QGZLjKu8vwXoWU2hASCiEcIvPVGJEe35OhcAl5AOyRyif+nfRn65BaLLCcQF0e/mFsRKXNUP+G+fBy7gKJz57B2ibngh6kQvb0SytEF7efm3BOD3Ngc8CPP05XNor69yGNk3AfXnagwA1ZZ/E51ZpIZqdjQDAPVNBcQLWmg7YjU1QXxQaN8BaLfXic78bg31Gu9U0Q9dTuyHXjk0qsbQvss7C4pW/010ZoEaoukzwRCl0jfA725B3BJ99kJ7u0505rfdIdB0vSXJxjjLv9pBE/lOM/oRqKvZTs7KCf9VcsCDMCFJRYREXS1q4o/XqSBUj1opSt+5hkpTAq7XEIAczMmIkPggHklOqJCuojXXUHlKwPV52dUOGl3XFaUAOrQEHBpVdB9Y7+s60Zn/Ix4idjL3Hol9jpiwW9LISByU+6HHgMdbywBqW8a0czataiQxtcZDFg15PFScEnAzPwQspJScQTtlbWbieVmhSsC1GhKkBN969KO+S6tatHM/VJ4ScLWGaot47upDGgBBhKb17odKVQKuzcva9xMEqP8E7Zz1TTUCZ2MCfe3fPrhzJi3Y/V0nOvO7Y2qS8mJ0PFYGkmK1FoTiqqZLm69lDwGPFg9VnIOZmlJ5EabatSxj0cTjofKUgFtoCEQ0luBbnE1aENLCkWVtrqEilYDbaIhsqDoubRCTeRWXLWiuoSKVgCuZpCuYbOkQFyQTsCwuG6+2yEjcku/rKFgJG/XtSVP9u759G9N/90PlKgEXM+FuTCgtXnLCgqLqU83I+2WlKgG3qDGCep/UFouFxhRJe25frhJwPbMi6oYT7w2SsqOMeFTTCnYL4TyEkLzUbq/zaeDzlIP2XK+Wl8VuvTVeaerWW3LmNcZSlYCrmfXI42e8sZU32KsfkhyMtyzKPlfddO8zaKUrYQHoM3T2w1qwgimmTjMiXqcuUAm42XM/oL2c7pIzaOkjRkYSKA0v5PWhgpWwCDRVgGwGjWHjiqM1yDQ8mvI377mWqARcH1ODDVB/2WkGKp9pOM37ZaUqAbdj9k3qaxDJ0mbVafkuPeHqR/y3DwMfN/0CZz773A/qz5ycnflBH8PrSLJhmvcLEdQfIc2l+b3NAw8aD1EaP5tmheC+bO3z1IUqATeZyYdph7QF0ePU+rAWbAyPfAatPCXgYmbwZ5wX9XuiMzPAnMEsnJkDZi3m4MwcMGsxB2fmgFmLOTgzh33dob/hPVLRdLhD3QAAAABJRU5ErkJggg==', 'Unpaid', NULL),
(27, 'pavan', 'w16', '02-04-2026 08:15 PM', 'Generated', '02-04-2026 08:15 PM', 'Pending', NULL, 'iVBORw0KGgoAAAANSUhEUgAAAcIAAAHCAQAAAABUY/ToAAAENElEQVR4nO1cW26rQAz1GKR8EqkL6FLIzq6yM1hKF1ApfFYi8pXtmYHcWzQEkrQMPh8JBB8lkCO/xuAIlqHFhUQAY6aASYspGDMFTFpMwZgpYNJiCsZMAZMWUzBmCpi0mIIxc7xCzqMEgM654TNoj1fnTrx76oLVabPnuQS4iLVDZk2MC0ulIhKlEFHPkjoQnY9iVIgRbfk8FwCXkHbFBJVFfWEhXQoWCL9U/JloKGwRxaMiuGZb54nGfO0VIvooAVoObfVHCdRILHvud84CzjP7BsZ83RUijWDVlwt+6EsTJRHSc75zPvAO21sY8/lXqOLwxBsxiaZGUiF3IGo4oI0U9qDvvB+4gKMw5tPzIQ9Odi6TL+Bh+dA84E6YpbyOFjzad/E0V6cBrZVd3oKKNnyeaMyn12Uktb1UXrGOV8cTyjT5jMOdVvhWlyWBO2GCKkL1UvU30Soqh49qKsRRzTSUpRJwPbMggI7LL1FOJx3rktXEdZn2GAHo/P5lferMlXA/yKNn+bCnkRS7GnxO79uL/kAIfBbLMlMCrmW2x4LcH+4nnnmZoxG3BFd2QZIPcXatTSJOtn/61y4ALiEJjDk7HypCAsSdIp9OA7sl8U3eQY1gfigJ3Fl/qJLgNaTTYakMRFJh5WxUxJmGMlMCrl9zLdQP+ReNZcV4uVWXPqy2z1UJuJgJPjLpThBNM2xV0S0NXWzzQxkqAVf2qV19OQLUzdUNvWiC7o0cQNk7XrzXo+0RLKfOUwm4eq2jK3oHnVeIq4n1cio4C/oU5QC1TvzQW++2eJ5ozNfk1BSimraG4lya3w0pk9Vl84A7y4cqL59hXUOyIFLlyCiI2ttaR6ZKwEfUZRCT6FCNgSpn1MU2DWWrBFybD7WcCbUhXab2+MnvRe80Aap4tzsQbzmom+2dJxrz+fkQ+RJeO0U3tT0M42ejvMn+lRRwV0zSZIfX7WVl/g/5BTLQabRgMh6q3uJ5LgEuYu3UD4GuzI/uDYr4N1syP5SfEnD9HGOv62U31VgROo762c3Qo8WyzJSAj9EQxTsTbw5Q7BTZLGy+SsDVzC7eat8dfKkv3emmK0GHiOJNQ7/g194PXMBRGDMJusWoQvtmfghsnvoO4E6f+0F0CZOKEsbO+iyQQ5ixHu6a3uJ5LgEuYu353iCKwx6SU5OmQtEPaXZtOXWGSsDVzC4+Vyh4Gt8keg9RreXHEUmz2vxQzkp4CPPq/FNkYnbtw5jUZVee2H/4d84EzjX8D8Z84RWqL9HnsJp8s1pint4wbX5oLnAnzNK/y830nd/h8TMOYX0p02jh6PHHfy0a8/dqqNVarABZo9c5Rg5ezt8AK/LhUcfqR38tGvMXz8IG8FZYNBsOhEd+yJvftv8zBUxaTMGYKWDSYgrGTAGTFlMwZgqYtJiCMVPApMUUjJkCJi3yYP4FAZdC6GmbEGwAAAAASUVORK5CYII=', 'Unpaid', NULL),
(28, 'pavan', 'w16', '02-04-2026 08:32 PM', 'Generated', '02-04-2026 08:32 PM', 'Pending', NULL, 'iVBORw0KGgoAAAANSUhEUgAAAcIAAAHCAQAAAABUY/ToAAAENElEQVR4nO1cW26rQAz1GKR8EqkL6FLIzq6yM1hKF1ApfFYi8pXtmYHcWzQEkrQMPh8JBB8lkCO/xuAIlqHFhUQAY6aASYspGDMFTFpMwZgpYNJiCsZMAZMWUzBmCpi0mIIxc7xCzqMEgM654TNoj1fnTrx76oLVabPnuQS4iLVDZk2MC0ulIhKlEFHPkjoQnY9iVIgRbfk8FwCXkHbFBJVFfWEhXQoWCL9U/JloKGwRxaMiuGZb54nGfO0VIvooAVoObfVHCdRILHvud84CzjP7BsZ83RUijWDVlwt+6EsTJRHSc75zPvAO21sY8/lXqOLwxBsxiaZGUiF3IGo4oI0U9qDvvB+4gKMw5tPzIQ9Odi6TL+Bh+dA84E6YpbyOFjzad/E0V6cBrZVd3oKKNnyeaMyn12Uktb1UXrGOV8cTyjT5jMOdVvhWlyWBO2GCKkL1UvU30Soqh49qKsRRzTSUpRJwPbMggI7LL1FOJx3rktXEdZn2GAHo/P5lferMlXA/yKNn+bCnkRS7GnxO79uL/kAIfBbLMlMCrmW2x4LcH+4nnnmZoxG3BFd2QZIPcXatTSJOtn/61y4ALiEJjDk7HypCAsSdIp9OA7sl8U3eQY1gfigJ3Fl/qJLgNaTTYakMRFJh5WxUxJmGMlMCrl9zLdQP+ReNZcV4uVWXPqy2z1UJuJgJPjLpThBNM2xV0S0NXWzzQxkqAVf2qV19OQLUzdUNvWiC7o0cQNk7XrzXo+0RLKfOUwm4eq2jK3oHnVeIq4n1cio4C/oU5QC1TvzQW++2eJ5ozNfk1BSimraG4lya3w0pk9Vl84A7y4cqL59hXUOyIFLlyCiI2ttaR6ZKwEfUZRCT6FCNgSpn1MU2DWWrBFybD7WcCbUhXab2+MnvRe80Aap4tzsQbzmom+2dJxrz+fkQ+RJeO0U3tT0M42ejvMn+lRRwV0zSZIfX7WVl/g/5BTLQabRgMh6q3uJ5LgEuYu3UD4GuzI/uDYr4N1syP5SfEnD9HGOv62U31VgROo762c3Qo8WyzJSAj9EQxTsTbw5Q7BTZLGy+SsDVzC7eat8dfKkv3emmK0GHiOJNQ7/g194PXMBRGDMJusWoQvtmfghsnvoO4E6f+0F0CZOKEsbO+iyQQ5ixHu6a3uJ5LgEuYu353iCKwx6SU5OmQtEPaXZtOXWGSsDVzC4+Vyh4Gt8keg9RreXHEUmz2vxQzkp4CPPq/FNkYnbtw5jUZVee2H/4d84EzjX8D8Z84RWqL9HnsJp8s1pint4wbX5oLnAnzNK/y830nd/h8TMOYX0p02jh6PHHfy0a8/dqqNVarABZo9c5Rg5ezt8AK/LhUcfqR38tGvMXz8IG8FZYNBsOhEd+yJvftv8zBUxaTMGYKWDSYgrGTAGTFlMwZgqYtJiCMVPApMUUjJkCJi3yYP4FAZdC6GmbEGwAAAAASUVORK5CYII=', 'Unpaid', NULL),
(29, 'pavan', 'w16', '02-04-2026 08:42 PM', 'Generated', '02-04-2026 08:47 PM', 'Pending', NULL, 'iVBORw0KGgoAAAANSUhEUgAAAcIAAAHCAQAAAABUY/ToAAAENElEQVR4nO1cW26rQAz1GKR8EqkL6FLIzq6yM1hKF1ApfFYi8pXtmYHcWzQEkrQMPh8JBB8lkCO/xuAIlqHFhUQAY6aASYspGDMFTFpMwZgpYNJiCsZMAZMWUzBmCpi0mIIxc7xCzqMEgM654TNoj1fnTrx76oLVabPnuQS4iLVDZk2MC0ulIhKlEFHPkjoQnY9iVIgRbfk8FwCXkHbFBJVFfWEhXQoWCL9U/JloKGwRxaMiuGZb54nGfO0VIvooAVoObfVHCdRILHvud84CzjP7BsZ83RUijWDVlwt+6EsTJRHSc75zPvAO21sY8/lXqOLwxBsxiaZGUiF3IGo4oI0U9qDvvB+4gKMw5tPzIQ9Odi6TL+Bh+dA84E6YpbyOFjzad/E0V6cBrZVd3oKKNnyeaMyn12Uktb1UXrGOV8cTyjT5jMOdVvhWlyWBO2GCKkL1UvU30Soqh49qKsRRzTSUpRJwPbMggI7LL1FOJx3rktXEdZn2GAHo/P5lferMlXA/yKNn+bCnkRS7GnxO79uL/kAIfBbLMlMCrmW2x4LcH+4nnnmZoxG3BFd2QZIPcXatTSJOtn/61y4ALiEJjDk7HypCAsSdIp9OA7sl8U3eQY1gfigJ3Fl/qJLgNaTTYakMRFJh5WxUxJmGMlMCrl9zLdQP+ReNZcV4uVWXPqy2z1UJuJgJPjLpThBNM2xV0S0NXWzzQxkqAVf2qV19OQLUzdUNvWiC7o0cQNk7XrzXo+0RLKfOUwm4eq2jK3oHnVeIq4n1cio4C/oU5QC1TvzQW++2eJ5ozNfk1BSimraG4lya3w0pk9Vl84A7y4cqL59hXUOyIFLlyCiI2ttaR6ZKwEfUZRCT6FCNgSpn1MU2DWWrBFybD7WcCbUhXab2+MnvRe80Aap4tzsQbzmom+2dJxrz+fkQ+RJeO0U3tT0M42ejvMn+lRRwV0zSZIfX7WVl/g/5BTLQabRgMh6q3uJ5LgEuYu3UD4GuzI/uDYr4N1syP5SfEnD9HGOv62U31VgROo762c3Qo8WyzJSAj9EQxTsTbw5Q7BTZLGy+SsDVzC7eat8dfKkv3emmK0GHiOJNQ7/g194PXMBRGDMJusWoQvtmfghsnvoO4E6f+0F0CZOKEsbO+iyQQ5ixHu6a3uJ5LgEuYu353iCKwx6SU5OmQtEPaXZtOXWGSsDVzC4+Vyh4Gt8keg9RreXHEUmz2vxQzkp4CPPq/FNkYnbtw5jUZVee2H/4d84EzjX8D8Z84RWqL9HnsJp8s1pint4wbX5oLnAnzNK/y830nd/h8TMOYX0p02jh6PHHfy0a8/dqqNVarABZo9c5Rg5ezt8AK/LhUcfqR38tGvMXz8IG8FZYNBsOhEd+yJvftv8zBUxaTMGYKWDSYgrGTAGTFlMwZgqYtJiCMVPApMUUjJkCJi3yYP4FAZdC6GmbEGwAAAAASUVORK5CYII=', 'Unpaid', NULL),
(30, 'pavan', 'w16', '02-04-2026 08:42 PM', 'Generated', '02-04-2026 08:42 PM', 'Pending', NULL, 'iVBORw0KGgoAAAANSUhEUgAAAcIAAAHCAQAAAABUY/ToAAAENElEQVR4nO1cW26rQAz1GKR8EqkL6FLIzq6yM1hKF1ApfFYi8pXtmYHcWzQEkrQMPh8JBB8lkCO/xuAIlqHFhUQAY6aASYspGDMFTFpMwZgpYNJiCsZMAZMWUzBmCpi0mIIxc7xCzqMEgM654TNoj1fnTrx76oLVabPnuQS4iLVDZk2MC0ulIhKlEFHPkjoQnY9iVIgRbfk8FwCXkHbFBJVFfWEhXQoWCL9U/JloKGwRxaMiuGZb54nGfO0VIvooAVoObfVHCdRILHvud84CzjP7BsZ83RUijWDVlwt+6EsTJRHSc75zPvAO21sY8/lXqOLwxBsxiaZGUiF3IGo4oI0U9qDvvB+4gKMw5tPzIQ9Odi6TL+Bh+dA84E6YpbyOFjzad/E0V6cBrZVd3oKKNnyeaMyn12Uktb1UXrGOV8cTyjT5jMOdVvhWlyWBO2GCKkL1UvU30Soqh49qKsRRzTSUpRJwPbMggI7LL1FOJx3rktXEdZn2GAHo/P5lferMlXA/yKNn+bCnkRS7GnxO79uL/kAIfBbLMlMCrmW2x4LcH+4nnnmZoxG3BFd2QZIPcXatTSJOtn/61y4ALiEJjDk7HypCAsSdIp9OA7sl8U3eQY1gfigJ3Fl/qJLgNaTTYakMRFJh5WxUxJmGMlMCrl9zLdQP+ReNZcV4uVWXPqy2z1UJuJgJPjLpThBNM2xV0S0NXWzzQxkqAVf2qV19OQLUzdUNvWiC7o0cQNk7XrzXo+0RLKfOUwm4eq2jK3oHnVeIq4n1cio4C/oU5QC1TvzQW++2eJ5ozNfk1BSimraG4lya3w0pk9Vl84A7y4cqL59hXUOyIFLlyCiI2ttaR6ZKwEfUZRCT6FCNgSpn1MU2DWWrBFybD7WcCbUhXab2+MnvRe80Aap4tzsQbzmom+2dJxrz+fkQ+RJeO0U3tT0M42ejvMn+lRRwV0zSZIfX7WVl/g/5BTLQabRgMh6q3uJ5LgEuYu3UD4GuzI/uDYr4N1syP5SfEnD9HGOv62U31VgROo762c3Qo8WyzJSAj9EQxTsTbw5Q7BTZLGy+SsDVzC7eat8dfKkv3emmK0GHiOJNQ7/g194PXMBRGDMJusWoQvtmfghsnvoO4E6f+0F0CZOKEsbO+iyQQ5ixHu6a3uJ5LgEuYu353iCKwx6SU5OmQtEPaXZtOXWGSsDVzC4+Vyh4Gt8keg9RreXHEUmz2vxQzkp4CPPq/FNkYnbtw5jUZVee2H/4d84EzjX8D8Z84RWqL9HnsJp8s1pint4wbX5oLnAnzNK/y830nd/h8TMOYX0p02jh6PHHfy0a8/dqqNVarABZo9c5Rg5ezt8AK/LhUcfqR38tGvMXz8IG8FZYNBsOhEd+yJvftv8zBUxaTMGYKWDSYgrGTAGTFlMwZgqYtJiCMVPApMUUjJkCJi3yYP4FAZdC6GmbEGwAAAAASUVORK5CYII=', 'Unpaid', NULL),
(31, 'gagan', 'w16', '03-04-2026 09:39 AM', 'Generated', '03-04-2026 09:53 AM', 'Pending', NULL, 'iVBORw0KGgoAAAANSUhEUgAAAcIAAAHCAQAAAABUY/ToAAAEKUlEQVR4nO1cbW6jQAy1DVJ/EqkHyFHoDfZI1R6pNwhH2QOsBD8jEXlle2ZCokWTEqokg98PWoifSuiTv8YDMixDRwuJAM7MgbIWc3BmDpS1mIMzc6CsxRycmQNlLebgzBwoazEHZ5b4hDCgBoABEbpduAbd7oT4ISYfQ7T6eNnvuQS0iLUlZm0/2oMch3dAgGrE9g8CA5xqgOGNodv18nE1qi0+7m7JmU/8hIbkXxpRSsMcvE8zAn72J2RRWXBVD7/b74MWcAzOzKH+30WG4X3kThxO+1WPWv5j+3Vp5M82B9qohhgGCWPNEblliWXN0WIXw7DW3yRnFvmEGmaNVtDtLeuR+PbG/BvfmA8NWyuSmcfX/p7fBy3gbIsJLIgnFUPbzx4goBXK4bW+Jznzh2MZny+IH9K4xQBHDG5JA1pzuSzi/5UcaFt+qNUf4m7UGdkH5njk1GJZZeFOTd0PlaYEWswEU4TohQ9S1mvIsmiVlKOfaiokUc01VKQS6G4/1IeMJ6RHlmJX4qBCEq0aCjJzP1SgEuju2r45Inf7sUZoxBENKD7n3RIlbRdhe6gYoZHDw+6WnPnEdVnD1yErFGKNGqgzknzI/dDtoI3lQwIRiGVB0zp+TIcLeG1fmBJolf5Qm/xQWjSDiR+y32IR5xoqTAm0Sm1/0Exa5WMFfmU5tRX90+zaNVSeEmgxE4Ii7ESlMi3J+EpXlii5hgpUAt09P9TvdGAIdWooVWOMALWME9UyYnRC7nZxfOjFvic58+f9UBWdkfkcaTlai1qcUTyNUc1j2S2grdX2Y+pOpxpMO9ZxzVXlY6HN86ESlUArrZdBXCWzKn+0dDr6IYWvdRSqBFplrQNif+isJg6LrKKm1Gh0P1SiEmiNfAgma/TRBUESV/zU18sKVQKtkQ9xcEHVdW0P57a1a6hYJdCdTD7IFiAYaptBw0+W8TPbw3EK89TTpOixd7sEtIglcOZt/SHU1fqWdfNYLYGrYtQ9Z20vfaNB9pzpiL58YEx/tjnQ1uqyMXoaawjFgGZITSJfLytWCbSGhkAK/JjxjFNxcZoC8VnYYpVA99f2cHma+om9Xk4eyddcS1UCrTI/JLBr59S5TQ7KDj5PXaoSaLX3fjBfBrTf9i6QdNA9+A++2yWgRSyBM7Pgy71BcZgxJtZs2zym2ZKa+gxaHrTZ935AFV75YU2ifdwc3cnriGT/tPuhopWwArPtTxhWOKTvGH7TMKb1fniLzJPc7c2g202v4MyFT2gQnyMt6tCs1phnG6bdD90K2tr+MhblSMj69Re422uBNtbSnY5b7Yfdw++WnPm8GupsAaMCm3sNA7GVrGtoLFP5VCNC89C7JWc+4RNCf8d5BpQzmIUzc6CsxRycmQNlLebgzBwoazEHZ+ZAWYs5ODMHylrAxpn/AFHsRcKAbT7/AAAAAElFTkSuQmCC', 'Unpaid', NULL),
(32, 'gagan', 'w16', '03-04-2026 09:39 AM', 'Generated', '03-04-2026 09:47 AM', 'Pending', NULL, 'iVBORw0KGgoAAAANSUhEUgAAAcIAAAHCAQAAAABUY/ToAAAELUlEQVR4nO1cbW6jQAx9YyLlJ5H2AD0KvUGOtOqR9gbhKD1AJfhZicgr2zOQdIUmIelSwO9HSqifwofl75nAmIaaJhIBZ+ZAWYkxODMHykqMwZk5UFZiDM7MgbISY3BmDpSVGIMz1/iEQsTOTuqRnkB9OIfwKude2yT1utj7nAKaxNogs2JBE7UJVQMwcweg3TO/HVSoUCFe8n1OAE0hbYq5i3/bA1D9kaPyYweUn0F1JaBsEKrmvGO08hVFN+PVkjOX8YQK5lO7Z9Ti2qr3Hfikvuw7f/NG0K2C/8CZ32+HEhhtANfHz8AVn80ipX/gCv5WcqCN6VAprku1pOx2QCvn219ijApGfWxMihd7n+TMb3tCuAyTUTCqZvQDuAjAT/5WcqBN2SEeTtSHAqwfwGdA/SIxtDo0NVXzXi058+faocpy+4JTCt9BU32obUKppkqC7cRwO5QHbYSJqBFlBz6VSZHMW/Waw325SLya69AqNYEetkNNjHhieCTadNLwSAuNJqdqJorkdmiFmkBP8WWnclAf9Danw2CbzKu5Dq1RE2gyExeG59plxUSsVAE1RhIPuR1aqybQk+xQd53qQ/yWOq/kwQZ4br8yTaDJTHxRGrM0ht61mR2yI/dlK9UEephZ9vGQlKjVl8Wjc9DmvR4pLFpa6H3eD5rA2Whehj4KikUi9WCs+X60TX3F2n3ZCjWBnlIfMkhgPVSKYJoTI6OYsMk/PR5amSbQ48wiDnvUL+rQdIQR1ubQGTR+C+rQVK9mv9q7QfdTIpyZBQuunFefg135NzVL0UC5HboJtMl+GWI9Edb66Oyrdckskk4Dse7L1qYJ9JReB66DIouMkNocQ6HRdWiNmkDPYLJMwNoajqATHyg4/G4KTss89qJmn76uY/WaMDEeKnsTlDDk9ugbryrnedkqNYEeZDK/72NRUZIzXUtmaRqgNcY4mJ+ConmvdgpoEkvgzNvmGIMtBhraHCi6UInCVI0MNLbyVUf0xb+ZhD/bHGh7MTWbkUmjQzY/ZNA07UuDdln3Sc78PzNorK3V2Ki/CIq4nwLxWdg7QFtbX3aWAMgMDwdbFnQUP9YebHVrkIVnc18tOfPn9st62LkhdK7S6FD88Hnq20Eb3feDbe61b7K+pb1A4rrFYdX0Eu9zCmgSa8trg7ivSVtgzdY0i936izqSx9Qr0wR6mNmmfYXqQ+zgh988rFHspHAUbBrN7dCqNeEJzOpd9x/SOcZ9aqSZG9N8/+xzjIt6n7Mwy04iHqlOW64WoyBmMUuS4LsdWtT7nGHfj/r4oYNocrLbSXU6LbWXba6e8pvkzDXqUG21nwKhks5ZfZSNz6yvob5M1UeKROWsV0vO/IFPKPge5xlQTmAUzsyBshJjcGYOlJUYgzNzoKzEGJyZA2UlxuDMHCgrgY0z/wJkOzzxtfPMDgAAAABJRU5ErkJggg==', 'Unpaid', NULL),
(33, 'gagan', 'w16', '03-04-2026 09:57 AM', 'Generated', '03-04-2026 10:02 AM', 'Pending', NULL, 'iVBORw0KGgoAAAANSUhEUgAAAcIAAAHCAQAAAABUY/ToAAAELUlEQVR4nO1cbW6jQAx9YyLlJ5H2AD0KvUGOtOqR9gbhKD1AJfhZicgr2zOQdIUmIelSwO9HSqifwofl75nAmIaaJhIBZ+ZAWYkxODMHykqMwZk5UFZiDM7MgbISY3BmDpSVGIMz1/iEQsTOTuqRnkB9OIfwKude2yT1utj7nAKaxNogs2JBE7UJVQMwcweg3TO/HVSoUCFe8n1OAE0hbYq5i3/bA1D9kaPyYweUn0F1JaBsEKrmvGO08hVFN+PVkjOX8YQK5lO7Z9Ti2qr3Hfikvuw7f/NG0K2C/8CZ32+HEhhtANfHz8AVn80ipX/gCv5WcqCN6VAprku1pOx2QCvn219ijApGfWxMihd7n+TMb3tCuAyTUTCqZvQDuAjAT/5WcqBN2SEeTtSHAqwfwGdA/SIxtDo0NVXzXi058+faocpy+4JTCt9BU32obUKppkqC7cRwO5QHbYSJqBFlBz6VSZHMW/Waw325SLya69AqNYEetkNNjHhieCTadNLwSAuNJqdqJorkdmiFmkBP8WWnclAf9Danw2CbzKu5Dq1RE2gyExeG59plxUSsVAE1RhIPuR1aqybQk+xQd53qQ/yWOq/kwQZ4br8yTaDJTHxRGrM0ht61mR2yI/dlK9UEephZ9vGQlKjVl8Wjc9DmvR4pLFpa6H3eD5rA2Whehj4KikUi9WCs+X60TX3F2n3ZCjWBnlIfMkhgPVSKYJoTI6OYsMk/PR5amSbQ48wiDnvUL+rQdIQR1ubQGTR+C+rQVK9mv9q7QfdTIpyZBQuunFefg135NzVL0UC5HboJtMl+GWI9Edb66Oyrdckskk4Dse7L1qYJ9JReB66DIouMkNocQ6HRdWiNmkDPYLJMwNoajqATHyg4/G4KTss89qJmn76uY/WaMDEeKnsTlDDk9ugbryrnedkqNYEeZDK/72NRUZIzXUtmaRqgNcY4mJ+ConmvdgpoEkvgzNvmGIMtBhraHCi6UInCVI0MNLbyVUf0xb+ZhD/bHGh7MTWbkUmjQzY/ZNA07UuDdln3Sc78PzNorK3V2Ki/CIq4nwLxWdg7QFtbX3aWAMgMDwdbFnQUP9YebHVrkIVnc18tOfPn9st62LkhdK7S6FD88Hnq20Eb3feDbe61b7K+pb1A4rrFYdX0Eu9zCmgSa8trg7ivSVtgzdY0i936izqSx9Qr0wR6mNmmfYXqQ+zgh988rFHspHAUbBrN7dCqNeEJzOpd9x/SOcZ9aqSZG9N8/+xzjIt6n7Mwy04iHqlOW64WoyBmMUuS4LsdWtT7nGHfj/r4oYNocrLbSXU6LbWXba6e8pvkzDXqUG21nwKhks5ZfZSNz6yvob5M1UeKROWsV0vO/IFPKPge5xlQTmAUzsyBshJjcGYOlJUYgzNzoKzEGJyZA2UlxuDMHCgrgY0z/wJkOzzxtfPMDgAAAABJRU5ErkJggg==', 'Unpaid', NULL),
(34, 'pavan', 'w16', '03-04-2026 09:57 AM', 'Generated', '03-04-2026 09:58 AM', 'Pending', NULL, 'iVBORw0KGgoAAAANSUhEUgAAAcIAAAHCAQAAAABUY/ToAAAERklEQVR4nO1cUW6jQAy1DVI+idQD9CjkBnukqkfqDcJR9gCV4LMSyCvbM0CioiEk2STg94GAzlOBPL3xjD2DDMtQ0UIigDNToGSLKTgzBUq2mIIzU6Bkiyk4MwVKtpiCM1OgZIspOHONXwgDckDc650OARqUQw54iJeGw4OfdgloEUvgzJlfqGRBDcBcd1ElBbNKio/NjvEAmTaKQbh/2xRoY8wm+kslovkUM6pQfEgtqPjB6Ff5Mzzt5aAFHIMzU8jPrrH8u2Msa2Asucu5Osi9rzc2EY3g3zYF2qiGoHpvgSvMWgDIGKD4zgGKFhiaW/1PcuYqNVRImGMq6eRehwyNhtc7BmjeRFIA/LLvSc689xeqdMAlmpG+DMo6syAayhpkXKaHzoZlt/qfC0BLSApn3tuHeLhR7UEsCIDlDMyRQPqyExfyXyUN2ggTbLguY3v1HIt9jnLgWgbzdTCjgCI05uNrvSc5884aYtOLakM1ZOF0a6LhozQ0mYVWrqEZoO35EKvn2D11H/OmLGhI/yDicg2tUgl0vYZacRodfYlo1H3MgkJfNjpzH1qjEujamLrCeAj3u5yhQYCy3ktMzXL2JpNEWYvl8fXek5x5bx8CMx4Np8OZORKbN2k8pFbl8dBs0MZiataBWLxpXVYMj1Q+cZjmfdlKlUDXMitNsr7HpLxc4iHakt5C3Ev2FXTy8cFPuwC0hKRw5kVfqEE8ia4B8EPD6UYSHr3WfmFeBHLmCmNqlLQYljGgZku3NnvLvqLWfkgkjVYK8rCnJWc+8RcqfvpKxTyUDkkGH0w+Ykaf0peNpov890yBNsKE8ey0ZjiG6NrmqYfLUOrouY5VKoFuMi47nk5Hh3A6ixPTejbkRF7rPcmZd58fgrFUzIKs3yqCQVm61czINTQLtLG+DNR9dFboLEffhnvlmdZe6z3Jmf8jHoJ+RB8KQKKkYg8Wvck1NA+0tXiIY4mHjbz6OelaM619ujUm9N2H1qYEukneHkaDsyGXzyG6tr7Ma9DWqgS6vgYNQucVSjxi/RAMKdg4yve+bJVKoFvUMcIw8upLh/jcgrwvW6sS6PpcRwZQfuUtV4dckhtSP1R8S14D43ohKScKJfqPelpy5vPWoIEdWkAoaik1yy2HBiofKU6L+TJdvPiopyVnvsC+HyBOo2UftrQMMY/TkM3pmlj/PVOg7e77AYIwWc19/VBIn9lqxQc/7QLQEpLCmZfu+4GIu5Hn4IdsJTPk8n9hXg5y5qr3bODqzzeybtyg9UPQ6JYfHeoOIFy9/3hMvU4l0O2Ypay314pGrR+qRDTSv4UebAiKnuJpZ4PmNz2DMy9do8h9AUhEFhd3+BzjhaCt1X4o4tr6YVJRcL7y3vNla1QC3WzfD+4v4pyRoM91jJq+1nuSMxOgVINJODMFSraYgjNToGSLKTgzBUq2mIIzU6Bkiyk4M4XlMfU/cVQlb8Sl/ZAAAAAASUVORK5CYII=', 'Unpaid', NULL),
(35, 'pavan', 'w16', '03-04-2026 10:04 AM', 'Generated', '03-04-2026 10:04 AM', 'Pending', NULL, 'iVBORw0KGgoAAAANSUhEUgAAAcIAAAHCAQAAAABUY/ToAAAEUElEQVR4nO1cW46rMAx1DFI/YQddCt3BXVI1S7o7gKV0ASPBZyWQr2wnlJkrFJq20wF8PjqU+IjHHPkRJ3UEaWgwkQhgzBgwajEHY8aAUYs5GDMGjFrMwZgxYNRiDsaMAaMWczDmFt+Q88jBuVLODA6actCzanLqgtXpzXebAkxiMYy58A1VxGj56JLrKXduAahW+ci5TIxCEm7vNgbcGbMb/QsMfJSRyEdAH8erd0bsqlb9nPcDEzj7YubfvhNAn0NTfubUnDJyVVsCVO3wzGuiMTetIQfFJ//NCCoaHDVH0nME3bOuicbc5BsqSIMX1d2BiC4S2jKC6uIc1ZCRRDoi6n/D3d4PTOAojLnwDTVScJU+k1b5QJfrkTtrnj0t0+zdxoE7YQJ9h1ZjrCEpxFo5Gku3EfW6nhON+WINQTXGqIpFwx9eKjAeFWwn5b9paBFwZ36ozYKQCvmQaaBsohxNhSbiWtdzojFf7odacUHeD/nZRvU5PVBd+A8Vl/mhZcBd1fYEXdYD1/EAoFIB10jXoyvBVZeDuiUHnVvnc6IxXx3Lag1ZErwkZIXMCNgF+Yp+HLVYtgi4t3wIppWXF1LmjwSSLU1M1vWcaMyfqMtIynrOrsXxTHRVh3wo5N6moSXA/eXUNK3yvVRATW5V2y36res50Ziv73X0uohIZqe16/HhpM3B3fpy4AFugugs9nOueT8wgaMw5g/UZSVAVQ/8NetdJQ6o4GAWRqk5Xh01f7gF++A10Zib7NsXrA0WkqBxWe+4iU8sJC+a7sAt2Lxf5XOiMV+dD4H07cPstI6M847EA5pii53lQ8uA++t10FiX+V5HmBry8hFxmYa2qgRMZsKtteprdhi9j5ZkvlUWZoqsX7ZRJeBTmI0sltaA5qeGoDlywcZ5Ejc8REhWl63k//nj+VAfWquhW39zQaCzR2NAsznGLSoBH2VWLa927Q7kTgXv4eic8y7IhcqNW7BUy+i77zYBmEISGHPx3qCcw9hVJxW9u7nkPsVujkTuTMSLqkPVZu82CtxZLANZvcgndJnQNKqBtlu1dLNYtlEl4KPMqh2cZkGqHI5qZ7o6GfBeiqFrit59twnAFJLAmFHQrdOqfoihbfzgfSa1mh+1nusS4E73dYDEsnF+CPzMol86FMRlGtqeEvBpv/sBMg30wSWZ35R41Za9D2hSur35blOASSyGMRfHMoZuCwoT07oCtritY7z1P8wPLQHu9Xc/GnFBssVVvA9DsiXeCqsL880PbVkJj/9mA2gCxNs8ZIdH9fdAYVaRt36cbO3HRpWAT2OSX7jo22f0UXLRLwPF1bnTGNp+xd0uB95h+xXGjIK+5kPhq7TPaLLhQ421q2/50CLg3uapYboS328B6qc/sjeuHzINbVIJ+PB66gCafs3CQUH/j67rOdGYEWDMYBbGjAGjFnMwZgwYtZiDMWPAqMUcjBkDRi3mYMwY0nPqfz5QRVY9cj8iAAAAAElFTkSuQmCC', 'Unpaid', NULL),
(36, 'pavan', 'w16', '03-04-2026 10:09 AM', 'Generated', '03-04-2026 10:09 AM', 'Pending', NULL, 'iVBORw0KGgoAAAANSUhEUgAAAcIAAAHCAQAAAABUY/ToAAAEUElEQVR4nO1cW46rMAx1DFI/YQddCt3BXVI1S7o7gKV0ASPBZyWQr2wnlJkrFJq20wF8PjqU+IjHHPkRJ3UEaWgwkQhgzBgwajEHY8aAUYs5GDMGjFrMwZgxYNRiDsaMAaMWczDmFt+Q88jBuVLODA6actCzanLqgtXpzXebAkxiMYy58A1VxGj56JLrKXduAahW+ci5TIxCEm7vNgbcGbMb/QsMfJSRyEdAH8erd0bsqlb9nPcDEzj7YubfvhNAn0NTfubUnDJyVVsCVO3wzGuiMTetIQfFJ//NCCoaHDVH0nME3bOuicbc5BsqSIMX1d2BiC4S2jKC6uIc1ZCRRDoi6n/D3d4PTOAojLnwDTVScJU+k1b5QJfrkTtrnj0t0+zdxoE7YQJ9h1ZjrCEpxFo5Gku3EfW6nhON+WINQTXGqIpFwx9eKjAeFWwn5b9paBFwZ36ozYKQCvmQaaBsohxNhSbiWtdzojFf7odacUHeD/nZRvU5PVBd+A8Vl/mhZcBd1fYEXdYD1/EAoFIB10jXoyvBVZeDuiUHnVvnc6IxXx3Lag1ZErwkZIXMCNgF+Yp+HLVYtgi4t3wIppWXF1LmjwSSLU1M1vWcaMyfqMtIynrOrsXxTHRVh3wo5N6moSXA/eXUNK3yvVRATW5V2y36res50Ziv73X0uohIZqe16/HhpM3B3fpy4AFugugs9nOueT8wgaMw5g/UZSVAVQ/8NetdJQ6o4GAWRqk5Xh01f7gF++A10Zib7NsXrA0WkqBxWe+4iU8sJC+a7sAt2Lxf5XOiMV+dD4H07cPstI6M847EA5pii53lQ8uA++t10FiX+V5HmBry8hFxmYa2qgRMZsKtteprdhi9j5ZkvlUWZoqsX7ZRJeBTmI0sltaA5qeGoDlywcZ5Ejc8REhWl63k//nj+VAfWquhW39zQaCzR2NAsznGLSoBH2VWLa927Q7kTgXv4eic8y7IhcqNW7BUy+i77zYBmEISGHPx3qCcw9hVJxW9u7nkPsVujkTuTMSLqkPVZu82CtxZLANZvcgndJnQNKqBtlu1dLNYtlEl4KPMqh2cZkGqHI5qZ7o6GfBeiqFrit59twnAFJLAmFHQrdOqfoihbfzgfSa1mh+1nusS4E73dYDEsnF+CPzMol86FMRlGtqeEvBpv/sBMg30wSWZ35R41Za9D2hSur35blOASSyGMRfHMoZuCwoT07oCtritY7z1P8wPLQHu9Xc/GnFBssVVvA9DsiXeCqsL880PbVkJj/9mA2gCxNs8ZIdH9fdAYVaRt36cbO3HRpWAT2OSX7jo22f0UXLRLwPF1bnTGNp+xd0uB95h+xXGjIK+5kPhq7TPaLLhQ421q2/50CLg3uapYboS328B6qc/sjeuHzINbVIJ+PB66gCafs3CQUH/j67rOdGYEWDMYBbGjAGjFnMwZgwYtZiDMWPAqMUcjBkDRi3mYMwY0nPqfz5QRVY9cj8iAAAAAElFTkSuQmCC', 'Unpaid', NULL),
(37, 'pavan', 'w16', '03-04-2026 10:22 AM', 'Generated', '03-04-2026 10:22 AM', 'Pending', NULL, 'iVBORw0KGgoAAAANSUhEUgAAAcIAAAHCAQAAAABUY/ToAAAEUElEQVR4nO1cW46rMAx1DFI/YQddCt3BXVI1S7o7gKV0ASPBZyWQr2wnlJkrFJq20wF8PjqU+IjHHPkRJ3UEaWgwkQhgzBgwajEHY8aAUYs5GDMGjFrMwZgxYNRiDsaMAaMWczDmFt+Q88jBuVLODA6actCzanLqgtXpzXebAkxiMYy58A1VxGj56JLrKXduAahW+ci5TIxCEm7vNgbcGbMb/QsMfJSRyEdAH8erd0bsqlb9nPcDEzj7YubfvhNAn0NTfubUnDJyVVsCVO3wzGuiMTetIQfFJ//NCCoaHDVH0nME3bOuicbc5BsqSIMX1d2BiC4S2jKC6uIc1ZCRRDoi6n/D3d4PTOAojLnwDTVScJU+k1b5QJfrkTtrnj0t0+zdxoE7YQJ9h1ZjrCEpxFo5Gku3EfW6nhON+WINQTXGqIpFwx9eKjAeFWwn5b9paBFwZ36ozYKQCvmQaaBsohxNhSbiWtdzojFf7odacUHeD/nZRvU5PVBd+A8Vl/mhZcBd1fYEXdYD1/EAoFIB10jXoyvBVZeDuiUHnVvnc6IxXx3Lag1ZErwkZIXMCNgF+Yp+HLVYtgi4t3wIppWXF1LmjwSSLU1M1vWcaMyfqMtIynrOrsXxTHRVh3wo5N6moSXA/eXUNK3yvVRATW5V2y36res50Ziv73X0uohIZqe16/HhpM3B3fpy4AFugugs9nOueT8wgaMw5g/UZSVAVQ/8NetdJQ6o4GAWRqk5Xh01f7gF++A10Zib7NsXrA0WkqBxWe+4iU8sJC+a7sAt2Lxf5XOiMV+dD4H07cPstI6M847EA5pii53lQ8uA++t10FiX+V5HmBry8hFxmYa2qgRMZsKtteprdhi9j5ZkvlUWZoqsX7ZRJeBTmI0sltaA5qeGoDlywcZ5Ejc8REhWl63k//nj+VAfWquhW39zQaCzR2NAsznGLSoBH2VWLa927Q7kTgXv4eic8y7IhcqNW7BUy+i77zYBmEISGHPx3qCcw9hVJxW9u7nkPsVujkTuTMSLqkPVZu82CtxZLANZvcgndJnQNKqBtlu1dLNYtlEl4KPMqh2cZkGqHI5qZ7o6GfBeiqFrit59twnAFJLAmFHQrdOqfoihbfzgfSa1mh+1nusS4E73dYDEsnF+CPzMol86FMRlGtqeEvBpv/sBMg30wSWZ35R41Za9D2hSur35blOASSyGMRfHMoZuCwoT07oCtritY7z1P8wPLQHu9Xc/GnFBssVVvA9DsiXeCqsL880PbVkJj/9mA2gCxNs8ZIdH9fdAYVaRt36cbO3HRpWAT2OSX7jo22f0UXLRLwPF1bnTGNp+xd0uB95h+xXGjIK+5kPhq7TPaLLhQ421q2/50CLg3uapYboS328B6qc/sjeuHzINbVIJ+PB66gCafs3CQUH/j67rOdGYEWDMYBbGjAGjFnMwZgwYtZiDMWPAqMUcjBkDRi3mYMwY0nPqfz5QRVY9cj8iAAAAAElFTkSuQmCC', 'Unpaid', NULL),
(38, 'pavan', 'w16', '03-04-2026 10:27 AM', 'Generated', '03-04-2026 10:28 AM', 'Pending', NULL, 'iVBORw0KGgoAAAANSUhEUgAAAcIAAAHCAQAAAABUY/ToAAAEUElEQVR4nO1cW46rMAx1DFI/YQddCt3BXVI1S7o7gKV0ASPBZyWQr2wnlJkrFJq20wF8PjqU+IjHHPkRJ3UEaWgwkQhgzBgwajEHY8aAUYs5GDMGjFrMwZgxYNRiDsaMAaMWczDmFt+Q88jBuVLODA6actCzanLqgtXpzXebAkxiMYy58A1VxGj56JLrKXduAahW+ci5TIxCEm7vNgbcGbMb/QsMfJSRyEdAH8erd0bsqlb9nPcDEzj7YubfvhNAn0NTfubUnDJyVVsCVO3wzGuiMTetIQfFJ//NCCoaHDVH0nME3bOuicbc5BsqSIMX1d2BiC4S2jKC6uIc1ZCRRDoi6n/D3d4PTOAojLnwDTVScJU+k1b5QJfrkTtrnj0t0+zdxoE7YQJ9h1ZjrCEpxFo5Gku3EfW6nhON+WINQTXGqIpFwx9eKjAeFWwn5b9paBFwZ36ozYKQCvmQaaBsohxNhSbiWtdzojFf7odacUHeD/nZRvU5PVBd+A8Vl/mhZcBd1fYEXdYD1/EAoFIB10jXoyvBVZeDuiUHnVvnc6IxXx3Lag1ZErwkZIXMCNgF+Yp+HLVYtgi4t3wIppWXF1LmjwSSLU1M1vWcaMyfqMtIynrOrsXxTHRVh3wo5N6moSXA/eXUNK3yvVRATW5V2y36res50Ziv73X0uohIZqe16/HhpM3B3fpy4AFugugs9nOueT8wgaMw5g/UZSVAVQ/8NetdJQ6o4GAWRqk5Xh01f7gF++A10Zib7NsXrA0WkqBxWe+4iU8sJC+a7sAt2Lxf5XOiMV+dD4H07cPstI6M847EA5pii53lQ8uA++t10FiX+V5HmBry8hFxmYa2qgRMZsKtteprdhi9j5ZkvlUWZoqsX7ZRJeBTmI0sltaA5qeGoDlywcZ5Ejc8REhWl63k//nj+VAfWquhW39zQaCzR2NAsznGLSoBH2VWLa927Q7kTgXv4eic8y7IhcqNW7BUy+i77zYBmEISGHPx3qCcw9hVJxW9u7nkPsVujkTuTMSLqkPVZu82CtxZLANZvcgndJnQNKqBtlu1dLNYtlEl4KPMqh2cZkGqHI5qZ7o6GfBeiqFrit59twnAFJLAmFHQrdOqfoihbfzgfSa1mh+1nusS4E73dYDEsnF+CPzMol86FMRlGtqeEvBpv/sBMg30wSWZ35R41Za9D2hSur35blOASSyGMRfHMoZuCwoT07oCtritY7z1P8wPLQHu9Xc/GnFBssVVvA9DsiXeCqsL880PbVkJj/9mA2gCxNs8ZIdH9fdAYVaRt36cbO3HRpWAT2OSX7jo22f0UXLRLwPF1bnTGNp+xd0uB95h+xXGjIK+5kPhq7TPaLLhQ421q2/50CLg3uapYboS328B6qc/sjeuHzINbVIJ+PB66gCafs3CQUH/j67rOdGYEWDMYBbGjAGjFnMwZgwYtZiDMWPAqMUcjBkDRi3mYMwY0nPqfz5QRVY9cj8iAAAAAElFTkSuQmCC', 'Unpaid', NULL),
(39, 'pavan', 'w16', '03-04-2026 10:33 AM', 'Generated', '03-04-2026 10:33 AM', 'Pending', NULL, 'iVBORw0KGgoAAAANSUhEUgAAAcIAAAHCAQAAAABUY/ToAAAEUElEQVR4nO1cW46rMAx1DFI/YQddCt3BXVI1S7o7gKV0ASPBZyWQr2wnlJkrFJq20wF8PjqU+IjHHPkRJ3UEaWgwkQhgzBgwajEHY8aAUYs5GDMGjFrMwZgxYNRiDsaMAaMWczDmFt+Q88jBuVLODA6actCzanLqgtXpzXebAkxiMYy58A1VxGj56JLrKXduAahW+ci5TIxCEm7vNgbcGbMb/QsMfJSRyEdAH8erd0bsqlb9nPcDEzj7YubfvhNAn0NTfubUnDJyVVsCVO3wzGuiMTetIQfFJ//NCCoaHDVH0nME3bOuicbc5BsqSIMX1d2BiC4S2jKC6uIc1ZCRRDoi6n/D3d4PTOAojLnwDTVScJU+k1b5QJfrkTtrnj0t0+zdxoE7YQJ9h1ZjrCEpxFo5Gku3EfW6nhON+WINQTXGqIpFwx9eKjAeFWwn5b9paBFwZ36ozYKQCvmQaaBsohxNhSbiWtdzojFf7odacUHeD/nZRvU5PVBd+A8Vl/mhZcBd1fYEXdYD1/EAoFIB10jXoyvBVZeDuiUHnVvnc6IxXx3Lag1ZErwkZIXMCNgF+Yp+HLVYtgi4t3wIppWXF1LmjwSSLU1M1vWcaMyfqMtIynrOrsXxTHRVh3wo5N6moSXA/eXUNK3yvVRATW5V2y36res50Ziv73X0uohIZqe16/HhpM3B3fpy4AFugugs9nOueT8wgaMw5g/UZSVAVQ/8NetdJQ6o4GAWRqk5Xh01f7gF++A10Zib7NsXrA0WkqBxWe+4iU8sJC+a7sAt2Lxf5XOiMV+dD4H07cPstI6M847EA5pii53lQ8uA++t10FiX+V5HmBry8hFxmYa2qgRMZsKtteprdhi9j5ZkvlUWZoqsX7ZRJeBTmI0sltaA5qeGoDlywcZ5Ejc8REhWl63k//nj+VAfWquhW39zQaCzR2NAsznGLSoBH2VWLa927Q7kTgXv4eic8y7IhcqNW7BUy+i77zYBmEISGHPx3qCcw9hVJxW9u7nkPsVujkTuTMSLqkPVZu82CtxZLANZvcgndJnQNKqBtlu1dLNYtlEl4KPMqh2cZkGqHI5qZ7o6GfBeiqFrit59twnAFJLAmFHQrdOqfoihbfzgfSa1mh+1nusS4E73dYDEsnF+CPzMol86FMRlGtqeEvBpv/sBMg30wSWZ35R41Za9D2hSur35blOASSyGMRfHMoZuCwoT07oCtritY7z1P8wPLQHu9Xc/GnFBssVVvA9DsiXeCqsL880PbVkJj/9mA2gCxNs8ZIdH9fdAYVaRt36cbO3HRpWAT2OSX7jo22f0UXLRLwPF1bnTGNp+xd0uB95h+xXGjIK+5kPhq7TPaLLhQ421q2/50CLg3uapYboS328B6qc/sjeuHzINbVIJ+PB66gCafs3CQUH/j67rOdGYEWDMYBbGjAGjFnMwZgwYtZiDMWPAqMUcjBkDRi3mYMwY0nPqfz5QRVY9cj8iAAAAAElFTkSuQmCC', 'Unpaid', NULL),
(40, 'pavan', 'w16', '03-04-2026 10:38 AM', 'Generated', '03-04-2026 10:38 AM', 'Pending', NULL, 'iVBORw0KGgoAAAANSUhEUgAAAcIAAAHCAQAAAABUY/ToAAAEUElEQVR4nO1cW46rMAx1DFI/YQddCt3BXVI1S7o7gKV0ASPBZyWQr2wnlJkrFJq20wF8PjqU+IjHHPkRJ3UEaWgwkQhgzBgwajEHY8aAUYs5GDMGjFrMwZgxYNRiDsaMAaMWczDmFt+Q88jBuVLODA6actCzanLqgtXpzXebAkxiMYy58A1VxGj56JLrKXduAahW+ci5TIxCEm7vNgbcGbMb/QsMfJSRyEdAH8erd0bsqlb9nPcDEzj7YubfvhNAn0NTfubUnDJyVVsCVO3wzGuiMTetIQfFJ//NCCoaHDVH0nME3bOuicbc5BsqSIMX1d2BiC4S2jKC6uIc1ZCRRDoi6n/D3d4PTOAojLnwDTVScJU+k1b5QJfrkTtrnj0t0+zdxoE7YQJ9h1ZjrCEpxFo5Gku3EfW6nhON+WINQTXGqIpFwx9eKjAeFWwn5b9paBFwZ36ozYKQCvmQaaBsohxNhSbiWtdzojFf7odacUHeD/nZRvU5PVBd+A8Vl/mhZcBd1fYEXdYD1/EAoFIB10jXoyvBVZeDuiUHnVvnc6IxXx3Lag1ZErwkZIXMCNgF+Yp+HLVYtgi4t3wIppWXF1LmjwSSLU1M1vWcaMyfqMtIynrOrsXxTHRVh3wo5N6moSXA/eXUNK3yvVRATW5V2y36res50Ziv73X0uohIZqe16/HhpM3B3fpy4AFugugs9nOueT8wgaMw5g/UZSVAVQ/8NetdJQ6o4GAWRqk5Xh01f7gF++A10Zib7NsXrA0WkqBxWe+4iU8sJC+a7sAt2Lxf5XOiMV+dD4H07cPstI6M847EA5pii53lQ8uA++t10FiX+V5HmBry8hFxmYa2qgRMZsKtteprdhi9j5ZkvlUWZoqsX7ZRJeBTmI0sltaA5qeGoDlywcZ5Ejc8REhWl63k//nj+VAfWquhW39zQaCzR2NAsznGLSoBH2VWLa927Q7kTgXv4eic8y7IhcqNW7BUy+i77zYBmEISGHPx3qCcw9hVJxW9u7nkPsVujkTuTMSLqkPVZu82CtxZLANZvcgndJnQNKqBtlu1dLNYtlEl4KPMqh2cZkGqHI5qZ7o6GfBeiqFrit59twnAFJLAmFHQrdOqfoihbfzgfSa1mh+1nusS4E73dYDEsnF+CPzMol86FMRlGtqeEvBpv/sBMg30wSWZ35R41Za9D2hSur35blOASSyGMRfHMoZuCwoT07oCtritY7z1P8wPLQHu9Xc/GnFBssVVvA9DsiXeCqsL880PbVkJj/9mA2gCxNs8ZIdH9fdAYVaRt36cbO3HRpWAT2OSX7jo22f0UXLRLwPF1bnTGNp+xd0uB95h+xXGjIK+5kPhq7TPaLLhQ421q2/50CLg3uapYboS328B6qc/sjeuHzINbVIJ+PB66gCafs3CQUH/j67rOdGYEWDMYBbGjAGjFnMwZgwYtZiDMWPAqMUcjBkDRi3mYMwY0nPqfz5QRVY9cj8iAAAAAElFTkSuQmCC', 'Unpaid', NULL),
(41, 'pavan', 'w16', '04-04-2026 09:50 AM', 'Generated', '04-04-2026 07:37 PM', 'Pending', NULL, 'iVBORw0KGgoAAAANSUhEUgAAAcIAAAHCAQAAAABUY/ToAAAEUElEQVR4nO1cW46rMAx1DFI/YQddCt3BXVI1S7o7gKV0ASPBZyWQr2wnlJkrFJq20wF8PjqU+IjHHPkRJ3UEaWgwkQhgzBgwajEHY8aAUYs5GDMGjFrMwZgxYNRiDsaMAaMWczDmFt+Q88jBuVLODA6actCzanLqgtXpzXebAkxiMYy58A1VxGj56JLrKXduAahW+ci5TIxCEm7vNgbcGbMb/QsMfJSRyEdAH8erd0bsqlb9nPcDEzj7YubfvhNAn0NTfubUnDJyVVsCVO3wzGuiMTetIQfFJ//NCCoaHDVH0nME3bOuicbc5BsqSIMX1d2BiC4S2jKC6uIc1ZCRRDoi6n/D3d4PTOAojLnwDTVScJU+k1b5QJfrkTtrnj0t0+zdxoE7YQJ9h1ZjrCEpxFo5Gku3EfW6nhON+WINQTXGqIpFwx9eKjAeFWwn5b9paBFwZ36ozYKQCvmQaaBsohxNhSbiWtdzojFf7odacUHeD/nZRvU5PVBd+A8Vl/mhZcBd1fYEXdYD1/EAoFIB10jXoyvBVZeDuiUHnVvnc6IxXx3Lag1ZErwkZIXMCNgF+Yp+HLVYtgi4t3wIppWXF1LmjwSSLU1M1vWcaMyfqMtIynrOrsXxTHRVh3wo5N6moSXA/eXUNK3yvVRATW5V2y36res50Ziv73X0uohIZqe16/HhpM3B3fpy4AFugugs9nOueT8wgaMw5g/UZSVAVQ/8NetdJQ6o4GAWRqk5Xh01f7gF++A10Zib7NsXrA0WkqBxWe+4iU8sJC+a7sAt2Lxf5XOiMV+dD4H07cPstI6M847EA5pii53lQ8uA++t10FiX+V5HmBry8hFxmYa2qgRMZsKtteprdhi9j5ZkvlUWZoqsX7ZRJeBTmI0sltaA5qeGoDlywcZ5Ejc8REhWl63k//nj+VAfWquhW39zQaCzR2NAsznGLSoBH2VWLa927Q7kTgXv4eic8y7IhcqNW7BUy+i77zYBmEISGHPx3qCcw9hVJxW9u7nkPsVujkTuTMSLqkPVZu82CtxZLANZvcgndJnQNKqBtlu1dLNYtlEl4KPMqh2cZkGqHI5qZ7o6GfBeiqFrit59twnAFJLAmFHQrdOqfoihbfzgfSa1mh+1nusS4E73dYDEsnF+CPzMol86FMRlGtqeEvBpv/sBMg30wSWZ35R41Za9D2hSur35blOASSyGMRfHMoZuCwoT07oCtritY7z1P8wPLQHu9Xc/GnFBssVVvA9DsiXeCqsL880PbVkJj/9mA2gCxNs8ZIdH9fdAYVaRt36cbO3HRpWAT2OSX7jo22f0UXLRLwPF1bnTGNp+xd0uB95h+xXGjIK+5kPhq7TPaLLhQ421q2/50CLg3uapYboS328B6qc/sjeuHzINbVIJ+PB66gCafs3CQUH/j67rOdGYEWDMYBbGjAGjFnMwZgwYtZiDMWPAqMUcjBkDRi3mYMwY0nPqfz5QRVY9cj8iAAAAAElFTkSuQmCC', 'Unpaid', NULL),
(42, 'p20006', 'w16', '04-04-2026 09:52 AM', 'Generated', '04-04-2026 09:52 AM', 'Pending', NULL, 'iVBORw0KGgoAAAANSUhEUgAAAcIAAAHCAQAAAABUY/ToAAAEFElEQVR4nO1cbW6kMAx1DFJ/gtQD9Cj0Bnuk1R5pbzAcpQdYCX5WCvLKdkJod1EKM22H4PcjBSZPfPTJdhwnjmAfetxJBDBmDpjtsQZj5oDZHmswZg6Y7bEGY+aA2R5rMGYOmO2xBmOW+IVcQK1HAKNz0LeTc8/8sx6NsdfzYd9zD3AX60zMWv90F27HRyAYW4BeZQJAAFMN3cAHY+Xlmvu+p0Vj3vEXGqN96Z88uJ8DgHuGiqBvKx65TSocMVV38LTbgTs4CmPmUL87d93LA7n+ydfQ/a49dC+1Wp9/YN82BzyphkBtzlgD9W01n7a3vCcas0gNNeyxRvVlNcH46AGaP47kh74NoRAd9j3RmJ/2hYAY8aQi6IbVBgI6plzsv5IDnsoO0duLBPDqCMADcYgdHJqYqlvcE41Zoh3qpGFLo+amma8Rg+2QIv5gdqg0JeCVGlJcGg90acIZ0cC/ihsjD0tJSedjvSca89PjoSYERaIcPeK0IxHLB0RcfNE0tAF4tpi6YjskDk2OlkkhUiFJl9lymR0qTAl4dTw0hIgnCET1UsXYZxZXcG2mofKUgLuZEEUDcyjkg0ML8vFqh9QYmS8rVgl4tYaaN85LT3UMJnF29GVsh8yXFakEvE1M3UjoLFKZY+ohxkOiJtNQsUrAW2iIZOQ1R9fLsf0Qo6VFjHSs90Rjfsm4jDTsEfmwaKJDS8pJmSLTUB54SjtUxSblqYcwol96OtNQgUrA3UxIOWk1Mil0viQTpGZpng4xDRWoBLxyztVxwxUfXPL6KLWwjmB0PH3W8nTrq9QUeZoLYo/2nmjML8kxdjENtBzMU9CM+jfxeebLPgY8CRNSEJ2aEDovctfp1OKhQpWA19shiCYoxkNpmoNmYxTtlY3LylMC3oTZy6KNNxlr93OQpWUPcTrk1vfcBtzYP8GYX1CTX3nX0VS7bphqcWGy0ox6V8kyDx6NSexdXX9PNGaxNWgUE9OxGs2HJhQRzV3MlxWoBLzaDo28+qchcDyOJ14b5KBhw9NwJK1rg4KB+sanRWPec57ax4B5+E9tI8WlHxZTbwCe0ZdRWiUU9EKhCmSup7baj1KVgDfb9wN0kRmP8n9JJC1m6eWBHVp9+PfcA9zFOiGzSzG1Jol4zwYOirTR9WX++O+5A7iHdOp9P5zTXYck0Tg5nXMV29TLxkT38bTbgTs4CmNuyFNDqPOIokmryiBO2aeiEKsfygNPy2xiEK3WpxVjFPYf4q1kYrL6Pp72o8AP93wPY27e9wNGxynq2nOK2lP/QwzUxGvwPXeeeCE+w75tDnjWfT9AKs9iihqCV0vVaFaDVqgScDfT2R7nRf0/0ZgZYK7DKoyZA2Z7rMGYOWC2xxqMmQNme6zBmDkc6wv9BUvPat4RG+TZAAAAAElFTkSuQmCC', 'Unpaid', NULL),
(43, 'p20006', 'w16', '04-04-2026 10:18 AM', 'Generated', '04-04-2026 10:18 AM', 'Pending', NULL, 'iVBORw0KGgoAAAANSUhEUgAAAcIAAAHCAQAAAABUY/ToAAAEFElEQVR4nO1cbW6kMAx1DFJ/gtQD9Cj0Bnuk1R5pbzAcpQdYCX5WCvLKdkJod1EKM22H4PcjBSZPfPTJdhwnjmAfetxJBDBmDpjtsQZj5oDZHmswZg6Y7bEGY+aA2R5rMGYOmO2xBmOW+IVcQK1HAKNz0LeTc8/8sx6NsdfzYd9zD3AX60zMWv90F27HRyAYW4BeZQJAAFMN3cAHY+Xlmvu+p0Vj3vEXGqN96Z88uJ8DgHuGiqBvKx65TSocMVV38LTbgTs4CmPmUL87d93LA7n+ydfQ/a49dC+1Wp9/YN82BzyphkBtzlgD9W01n7a3vCcas0gNNeyxRvVlNcH46AGaP47kh74NoRAd9j3RmJ/2hYAY8aQi6IbVBgI6plzsv5IDnsoO0duLBPDqCMADcYgdHJqYqlvcE41Zoh3qpGFLo+amma8Rg+2QIv5gdqg0JeCVGlJcGg90acIZ0cC/ihsjD0tJSedjvSca89PjoSYERaIcPeK0IxHLB0RcfNE0tAF4tpi6YjskDk2OlkkhUiFJl9lymR0qTAl4dTw0hIgnCET1UsXYZxZXcG2mofKUgLuZEEUDcyjkg0ML8vFqh9QYmS8rVgl4tYaaN85LT3UMJnF29GVsh8yXFakEvE1M3UjoLFKZY+ohxkOiJtNQsUrAW2iIZOQ1R9fLsf0Qo6VFjHSs90Rjfsm4jDTsEfmwaKJDS8pJmSLTUB54SjtUxSblqYcwol96OtNQgUrA3UxIOWk1Mil0viQTpGZpng4xDRWoBLxyztVxwxUfXPL6KLWwjmB0PH3W8nTrq9QUeZoLYo/2nmjML8kxdjENtBzMU9CM+jfxeebLPgY8CRNSEJ2aEDovctfp1OKhQpWA19shiCYoxkNpmoNmYxTtlY3LylMC3oTZy6KNNxlr93OQpWUPcTrk1vfcBtzYP8GYX1CTX3nX0VS7bphqcWGy0ox6V8kyDx6NSexdXX9PNGaxNWgUE9OxGs2HJhQRzV3MlxWoBLzaDo28+qchcDyOJ14b5KBhw9NwJK1rg4KB+sanRWPec57ax4B5+E9tI8WlHxZTbwCe0ZdRWiUU9EKhCmSup7baj1KVgDfb9wN0kRmP8n9JJC1m6eWBHVp9+PfcA9zFOiGzSzG1Jol4zwYOirTR9WX++O+5A7iHdOp9P5zTXYck0Tg5nXMV29TLxkT38bTbgTs4CmNuyFNDqPOIokmryiBO2aeiEKsfygNPy2xiEK3WpxVjFPYf4q1kYrL6Pp72o8AP93wPY27e9wNGxynq2nOK2lP/QwzUxGvwPXeeeCE+w75tDnjWfT9AKs9iihqCV0vVaFaDVqgScDfT2R7nRf0/0ZgZYK7DKoyZA2Z7rMGYOWC2xxqMmQNme6zBmDkc6wv9BUvPat4RG+TZAAAAAElFTkSuQmCC', 'Unpaid', NULL),
(44, 'p20006', 'W16', '04-04-2026 07:41 PM', 'Generated', '04-04-2026 07:41 PM', 'Pending', NULL, 'iVBORw0KGgoAAAANSUhEUgAAAZoAAAGaAQAAAAAefbjOAAADSUlEQVR4nO1cS46jQAy1AamXIOUAOQq5WWuONDeAo+QAkahlJJBHfuWCRN2LYYKGJuW3KFEJFvDi9p9modXoi/UyRC5kcCIMToTBiTA4EQYnwuBEHIkINlREfTMxXwIzEekRlpBOuOxyeyvhQhsQ0Ypi0CNdqB5VN0qRXw2RdFTi+xSFOuUZEBFmAxA+xBY1Hp/XivBFtCB73d4quNArRFRfPqnvLP35zkI0VULhGyGnPCuNiCiFqbbjL2rxw5+pcKENiKhFpEvOAW4C0QPzWSRuRcZNrrQKLrQXET0yiQaRZSnUavSgIQSOYtah2Ov21sGFXvcaMu8RQiDXiEd9QxpRPNe6nfI3JoJiVtnKGN0Esk/4j+VIOlWQBd0Pf6bChV7XCEIcUUM3npdBSxG6qFrEuoVrRA5eI1QjE2mgEE4WQfbNrYL/YCzt9UP4EM9UuNAGXmOwquTiMGA34ilwJ9i6jcjHRkz691+O1A6wEWOVgskymgxs5RDPVLjQ652uS+xcoJth3yAZla6+M38Oekrsfr14pZVwoZ1yDbHyEwLI2TlAS1Lj6yHh8Mgyh1yDNPFUtUDOqXoA3XhYoDQeR+RiI7pYxbYAMqkAjuZChZYs3EZk4zWGFEdAI2xSwrzG4lhcIzLqdI2xySUdTUz9OU3H6NhMHKSaW2CHeaZVcKGn7JN1MR0IKERVoyqD7icWCifhtptS69zZe38iWhk1v4QVmBg553IO83nORPa5vXVwoU16n6WaCOiBlaTMPNS3SvpLNdpI1b9fqXChAxHBcfghfKTwMmhEoa0tOJELBnE9jjjmj7sWqZtRWj3Cco25L/5cnPLsM59OF82YK5VxXALuROGdrryq2IZUiLLqZSpmPs5MeBU7g8iSbVeO0jc33WIWW4jb3yebmejZe585vtPF2udMXkMrVEg80/jUXre3Di605Ttdoq/1xeQC2WeXJrWx3eJKq+BCu7/Bw1SrwwhNrFFwe61G6VG8Die3ERkqrMS+RqMZRsCr4upJYlqqZc2db++v4EKbTOcr0tz1koxa2RoTl0uH3Ck3vPXEDID5CCSes24sOafPUGUhxP6fyQ7xOxUuFOFEGJwIgxNhcCIMToTh/0WWfwA+7GStxSc3/QAAAABJRU5ErkJggg==', 'Unpaid', NULL),
(45, 'Pavan', 'W4', '04-04-2026 07:48 PM', 'Generated', '04-04-2026 07:55 PM', 'Pending', NULL, 'iVBORw0KGgoAAAANSUhEUgAAAZoAAAGaAQAAAAAefbjOAAADEUlEQVR4nO1bUW6jQAy1A1I+QeoBcpTJlXsDOEoOsBLzGQnklT0eIN2sVHZRUzrvfSBKxioY6/nZY1hoM/rTdhsiGDngCAcc4YAjHHCEA45wwBFHcgQ7amJuJ+ZrrIko1pTP8oLrS25vI2C0gyOCKAY90wM1IzFf7kz9ZSS+UmW/ZxUKlxfgiJgJoOeapKOJieJZpIvM0iUaqV93e5sAoz0dITJUYrEhIncmourP+hQuL8gRzJeRpFP10PNZ+Kr54/ptbu9TgNEejmhELDl4hrhkzRBunjVEZNzlP20CjL7cEbRWjFQJheHZIS8wBdrhPTl+oiNqO8r8txDdWbTCEIoqLw2NHOmZTjD6f44Ic0qwMyOFdCYqKxpdkq6BIwrhiPjmNNC3gxDFmTdiq8fpgUu++TOdYLSDjmgyM6jGtDPprPBslCPSUlUU4IifHnv1+o9GiENnlFGNRM1AFN5r4iBTLRRbBkeUwhGiDWxrTj2Qgje1069JTIAjSlKWQVWkth3y2/fYkE6jxNdBWZahLPv2l6rILC8XjRmEiMMwpUvIGsVkjS5Tge+CzmyhmWR9AEcUpCNoqSZW1x6KEEREOTpiqCSpB1OWSWimXpX+kJai+iyqi31n3dXycnO9wlrZ1cjh/e3rb+8Eo1fpiGYuM/Sipo6FFJaKFFmjmIAN1oqI53mHY2KbmLFJCc8ajaRRmqM80zbA6KOOoNSFSG0qY4YUJVlW+L44ao2ClCXRh8GYuU3l6QQRUdQM1Z1TP0Jn6Xz3y4Zu04j+eT02c5Rn2gQYPZmhCnNycFhFOlOGLUHWKKVDlbHkitSKSBIiB01ag6m6wuYsKVeaq3EJn7hERBS096lI1cS46ljnTdE5sehFcERZ33S1GiU3+14jj9P0zLwM8B/mmTYBRn9zRLBguMxDt3bN+OKGL4FLDCNJW+IDac2pzJB5w77uevntfQow2mPOslGhEPXtX5cJ7OVsqqVf9r/g8pJqjSftSoNLTSjLAr/pcogHCL4NP+zLPcEoAY5wwBEOOMIBRzjgCMc/KcvfiJiMKo6IuvYAAAAASUVORK5CYII=', 'Unpaid', NULL),
(46, 'p20006', 'Icu', '04-04-2026 07:55 PM', 'Generated', '04-04-2026 07:55 PM', 'Pending', NULL, 'iVBORw0KGgoAAAANSUhEUgAAAZoAAAGaAQAAAAAefbjOAAADLklEQVR4nO1cW26sMAx1AKmfQeoCuhTYwV3S1ewMljI7IJ8jgVzZcYC2uh/RoMvQnPMxDQ8LYizHx3bqmLIxVvkyRBAyQBEGKMIARRigCAMUYYAirqQIZ2h2I7vQErk+pNP9Ka+XCQgdoIiOBZOOa+YhWQl1d7WNWq+nKBQqL0ARITmALprF4qKBjK3dsPmNy8wpCxD6hyL4JibQTTW7nmom8jOpy9gD2vvFimi+Hbv4xz9sQKGZj3lSBaFLWYSXGCEQMYV3GdliwRRap+EDX2dOFYSeV8SocaTyCnEUccFII9fTEqnGAU/KA4RO8hG8HvP4MROPrS0fTDQnD/LkkyoIXUIRFFllxylaMB5qPkJHPHi5ZUpXhxefUwWhpy2C1QTkc4s/iPkI+/HqI+bIPyJgEQVYxCAkUxMQ4i2iHZiB6OiLB4FFFMA1umkhGv8wOQrvsmDIqhFaDTDYJdaR4o0Xn1MFoQPqGq2agLAJ/7DspcSYeo6H0KTDZ5+UCQidpYju3pDrJYBU96DVjO7+ZolLMwbloae8Xh4gdERkyYlNKGSkYQUPaiDbTYgjCmGf+xjTCIeSC+Oca1EUFlEM16AtAZF8ROQfW5lcaCksohghr5yTY6RgjiJIA41ktuUnHiKOuOLHzcPeCyjWlJRgcw+2iCCOKCWLPaVktXkLXTD2aSpdWLBqFMU1OKaylWas1MM8g/kNWEQxGapeYwZJO0gbnXbQ8W1LSSmCpifOeL1MQOgoRXTaZZtWDTUBHmixuvgu1IDKC1CET9GD9lR2k9iBn1PvjLgH1y7OOi4vMqcsQOh7hqreBw6RXKwVT4XGmOAaZUWWvNmGbtpQcrESji2d9eJzqiB0QO0zwmrjfPt4WBU0npPaZ3Qezz4pExA6rfbJW7L64ezrh2bNUCkJWbDLrwCDpR+5h2nrpdNrazCBuka5Qu7v/c0aaHSXX4wnpUUf+YjLf9zcPV0cN3r6h9M2Oqc5irGdyJG/ypwqCB24p4uI6tmaLb20XcYLTvossRO4sI4Ziv22X8pdWykUPVSFCDn8Z7JLfKcKQhFQhAGKMEARBijCAEUY/l9k+QkCjj8KVQBF0AAAAABJRU5ErkJggg==', 'Unpaid', NULL),
(47, 'p20006', 'w16', '04-04-2026 09:58 PM', 'Generated', '04-04-2026 09:59 PM', 'Pending', NULL, 'iVBORw0KGgoAAAANSUhEUgAAAcIAAAHCAQAAAABUY/ToAAAEFElEQVR4nO1cbW6kMAx1DFJ/gtQD9Cj0Bnuk1R5pbzAcpQdYCX5WCvLKdkJod1EKM22H4PcjBSZPfPTJdhwnjmAfetxJBDBmDpjtsQZj5oDZHmswZg6Y7bEGY+aA2R5rMGYOmO2xBmOW+IVcQK1HAKNz0LeTc8/8sx6NsdfzYd9zD3AX60zMWv90F27HRyAYW4BeZQJAAFMN3cAHY+Xlmvu+p0Vj3vEXGqN96Z88uJ8DgHuGiqBvKx65TSocMVV38LTbgTs4CmPmUL87d93LA7n+ydfQ/a49dC+1Wp9/YN82BzyphkBtzlgD9W01n7a3vCcas0gNNeyxRvVlNcH46AGaP47kh74NoRAd9j3RmJ/2hYAY8aQi6IbVBgI6plzsv5IDnsoO0duLBPDqCMADcYgdHJqYqlvcE41Zoh3qpGFLo+amma8Rg+2QIv5gdqg0JeCVGlJcGg90acIZ0cC/ihsjD0tJSedjvSca89PjoSYERaIcPeK0IxHLB0RcfNE0tAF4tpi6YjskDk2OlkkhUiFJl9lymR0qTAl4dTw0hIgnCET1UsXYZxZXcG2mofKUgLuZEEUDcyjkg0ML8vFqh9QYmS8rVgl4tYaaN85LT3UMJnF29GVsh8yXFakEvE1M3UjoLFKZY+ohxkOiJtNQsUrAW2iIZOQ1R9fLsf0Qo6VFjHSs90Rjfsm4jDTsEfmwaKJDS8pJmSLTUB54SjtUxSblqYcwol96OtNQgUrA3UxIOWk1Mil0viQTpGZpng4xDRWoBLxyztVxwxUfXPL6KLWwjmB0PH3W8nTrq9QUeZoLYo/2nmjML8kxdjENtBzMU9CM+jfxeebLPgY8CRNSEJ2aEDovctfp1OKhQpWA19shiCYoxkNpmoNmYxTtlY3LylMC3oTZy6KNNxlr93OQpWUPcTrk1vfcBtzYP8GYX1CTX3nX0VS7bphqcWGy0ox6V8kyDx6NSexdXX9PNGaxNWgUE9OxGs2HJhQRzV3MlxWoBLzaDo28+qchcDyOJ14b5KBhw9NwJK1rg4KB+sanRWPec57ax4B5+E9tI8WlHxZTbwCe0ZdRWiUU9EKhCmSup7baj1KVgDfb9wN0kRmP8n9JJC1m6eWBHVp9+PfcA9zFOiGzSzG1Jol4zwYOirTR9WX++O+5A7iHdOp9P5zTXYck0Tg5nXMV29TLxkT38bTbgTs4CmNuyFNDqPOIokmryiBO2aeiEKsfygNPy2xiEK3WpxVjFPYf4q1kYrL6Pp72o8AP93wPY27e9wNGxynq2nOK2lP/QwzUxGvwPXeeeCE+w75tDnjWfT9AKs9iihqCV0vVaFaDVqgScDfT2R7nRf0/0ZgZYK7DKoyZA2Z7rMGYOWC2xxqMmQNme6zBmDkc6wv9BUvPat4RG+TZAAAAAElFTkSuQmCC', 'Unpaid', NULL),
(48, 'p20006', 'w16', '04-04-2026 10:06 PM', 'Generated', '04-04-2026 10:51 PM', 'Pending', NULL, 'iVBORw0KGgoAAAANSUhEUgAAAcIAAAHCAQAAAABUY/ToAAAEFElEQVR4nO1cbW6kMAx1DFJ/gtQD9Cj0Bnuk1R5pbzAcpQdYCX5WCvLKdkJod1EKM22H4PcjBSZPfPTJdhwnjmAfetxJBDBmDpjtsQZj5oDZHmswZg6Y7bEGY+aA2R5rMGYOmO2xBmOW+IVcQK1HAKNz0LeTc8/8sx6NsdfzYd9zD3AX60zMWv90F27HRyAYW4BeZQJAAFMN3cAHY+Xlmvu+p0Vj3vEXGqN96Z88uJ8DgHuGiqBvKx65TSocMVV38LTbgTs4CmPmUL87d93LA7n+ydfQ/a49dC+1Wp9/YN82BzyphkBtzlgD9W01n7a3vCcas0gNNeyxRvVlNcH46AGaP47kh74NoRAd9j3RmJ/2hYAY8aQi6IbVBgI6plzsv5IDnsoO0duLBPDqCMADcYgdHJqYqlvcE41Zoh3qpGFLo+amma8Rg+2QIv5gdqg0JeCVGlJcGg90acIZ0cC/ihsjD0tJSedjvSca89PjoSYERaIcPeK0IxHLB0RcfNE0tAF4tpi6YjskDk2OlkkhUiFJl9lymR0qTAl4dTw0hIgnCET1UsXYZxZXcG2mofKUgLuZEEUDcyjkg0ML8vFqh9QYmS8rVgl4tYaaN85LT3UMJnF29GVsh8yXFakEvE1M3UjoLFKZY+ohxkOiJtNQsUrAW2iIZOQ1R9fLsf0Qo6VFjHSs90Rjfsm4jDTsEfmwaKJDS8pJmSLTUB54SjtUxSblqYcwol96OtNQgUrA3UxIOWk1Mil0viQTpGZpng4xDRWoBLxyztVxwxUfXPL6KLWwjmB0PH3W8nTrq9QUeZoLYo/2nmjML8kxdjENtBzMU9CM+jfxeebLPgY8CRNSEJ2aEDovctfp1OKhQpWA19shiCYoxkNpmoNmYxTtlY3LylMC3oTZy6KNNxlr93OQpWUPcTrk1vfcBtzYP8GYX1CTX3nX0VS7bphqcWGy0ox6V8kyDx6NSexdXX9PNGaxNWgUE9OxGs2HJhQRzV3MlxWoBLzaDo28+qchcDyOJ14b5KBhw9NwJK1rg4KB+sanRWPec57ax4B5+E9tI8WlHxZTbwCe0ZdRWiUU9EKhCmSup7baj1KVgDfb9wN0kRmP8n9JJC1m6eWBHVp9+PfcA9zFOiGzSzG1Jol4zwYOirTR9WX++O+5A7iHdOp9P5zTXYck0Tg5nXMV29TLxkT38bTbgTs4CmNuyFNDqPOIokmryiBO2aeiEKsfygNPy2xiEK3WpxVjFPYf4q1kYrL6Pp72o8AP93wPY27e9wNGxynq2nOK2lP/QwzUxGvwPXeeeCE+w75tDnjWfT9AKs9iihqCV0vVaFaDVqgScDfT2R7nRf0/0ZgZYK7DKoyZA2Z7rMGYOWC2xxqMmQNme6zBmDkc6wv9BUvPat4RG+TZAAAAAElFTkSuQmCC', 'Unpaid', NULL),
(49, 'bassu', 'w16', '04-04-2026 10:06 PM', 'Generated', '04-04-2026 10:50 PM', 'Pending', NULL, 'iVBORw0KGgoAAAANSUhEUgAAAcIAAAHCAQAAAABUY/ToAAAEKklEQVR4nO1cUW7iQAy1nUh8BqkH6FHCzVY9Um9AjtIDVCKflYK8sj2TALvRpAMUOvH7CAn4iTA82R6PJ8iQh44yiQDOTIGSFnNwZgqUtJiDM1OgpMUcnJkCJS3m4MwUKGkxB2eWOEIYUAPu5LrbHhGgRznoe+HSsPu1vzMHlMVaExNYAK2+HCrm/fkHAJV9AK18Ohnvf9fvJGfefYT66F9aHkQ+A0CH4ofUBTVfGP1Vfbvv/D4og2Nw5s+NECJuGKDfiLsZQN0S7uTyft+5HPQN23M48ydHqBliPgQV26UcpiB3h+9cClpseQln3m+E6vDaiKPpw4UGLmzft/KqbullwPYd4NQb+b+SAq2L2emESzTTftSg+bP5ofYgscyMjjYte/zdZoBySApnLvNDPL3RbStg8UjcbdUhHZEBvuRwnhP52KZA65vbg/ickPvIQaf6HKf1wbzxuX2hSqArNcQmFa37WP48pdMcakYms2Du9aHilEDXamgv/mVMgCZJQXtedxRxuYaKVAJdH8uGUFnUwrRIKhwg6mo6cz9UohLo+lgGMLkgdTwhgh1GmU3pkceyApVAt/VDYKmQxS09C4sgng+VqwS6RU7N4ozMBemZ+hyFKWw08VhWohIomwlBERq8YmI9TcRY39Ps2ow9lpWqBLp+reOzll6hAdq9LHPw0T5AzYdkrcPMul31yLslZz6xhnpdqNda9LFmS4r6LXCH1YDa+6HislaQh90tOfN5c2oYV+ZD7qOhbbBD6ALRs9iI5j1oadAKNcRRKqGoOLZ96MxfK9ZWA3ANFagEul5DPGbSw2Xt+qIr1uC9sIUpgW7TT81BTeaCbJmjmQJa1JprqEQlUDYTgiLiukaIWwqb1sf06MQZuR8qUAl0i/oQtCeVouGfamOrdWqPZaUqga6uUwvCqqrWGMea9CH2D50v6Hs+VJoS6Eom2i7E5gv57VX2ATUD4C4e+O01dBIh6tmD7zYHlMUSOHNpL2yvja9y1W8Y249atFIxdlvNj441dNvPmqHH2BLrY5sCrXDNda9JdDyzgLY/WS8bo5rHsgKVQNnMWo8IUKkfGrQnH6GRBY/mU9Y1dG1Dl8+OY4v+o+6WnPnkObUglIb4f/1DfLLp3nPqNGilz/0AW24V6NYyxDqWhvr6Se42B5TFEjhz4Qi1qhObvcfe6bBLiMdtQcEj+bNjFoJW+twPtCcMRZ+Dfw66u7UeHwPyFHf7fVAGx+DMFOqL69g/NNh8n6F/Ye0a4m4ne19fdcerwMc2BVots9+wPfejk3qiikbiW4hgU1L0HHe7FLTY8hLOTIIvnoM2TcQCqvhe7CTyedlC0EqYECZdhvNMOqbTZzvvvQetUCVQNhP9GedF/Z/kzAQoZTALZ6ZASYs5ODMFSlrMwZkpUNJiDs5M4XeN0F+zwV3LR/wH/QAAAABJRU5ErkJggg==', 'Unpaid', NULL),
(50, 'bassu', 'w16', '04-04-2026 10:21 PM', 'Generated', '04-04-2026 10:21 PM', 'Pending', NULL, 'iVBORw0KGgoAAAANSUhEUgAAAcIAAAHCAQAAAABUY/ToAAAEKklEQVR4nO1cUW7iQAy1nUh8BqkH6FHCzVY9Um9AjtIDVCKflYK8sj2TALvRpAMUOvH7CAn4iTA82R6PJ8iQh44yiQDOTIGSFnNwZgqUtJiDM1OgpMUcnJkCJS3m4MwUKGkxB2eWOEIYUAPu5LrbHhGgRznoe+HSsPu1vzMHlMVaExNYAK2+HCrm/fkHAJV9AK18Ohnvf9fvJGfefYT66F9aHkQ+A0CH4ofUBTVfGP1Vfbvv/D4og2Nw5s+NECJuGKDfiLsZQN0S7uTyft+5HPQN23M48ydHqBliPgQV26UcpiB3h+9cClpseQln3m+E6vDaiKPpw4UGLmzft/KqbullwPYd4NQb+b+SAq2L2emESzTTftSg+bP5ofYgscyMjjYte/zdZoBySApnLvNDPL3RbStg8UjcbdUhHZEBvuRwnhP52KZA65vbg/ickPvIQaf6HKf1wbzxuX2hSqArNcQmFa37WP48pdMcakYms2Du9aHilEDXamgv/mVMgCZJQXtedxRxuYaKVAJdH8uGUFnUwrRIKhwg6mo6cz9UohLo+lgGMLkgdTwhgh1GmU3pkceyApVAt/VDYKmQxS09C4sgng+VqwS6RU7N4ozMBemZ+hyFKWw08VhWohIomwlBERq8YmI9TcRY39Ps2ow9lpWqBLp+reOzll6hAdq9LHPw0T5AzYdkrcPMul31yLslZz6xhnpdqNda9LFmS4r6LXCH1YDa+6HislaQh90tOfN5c2oYV+ZD7qOhbbBD6ALRs9iI5j1oadAKNcRRKqGoOLZ96MxfK9ZWA3ANFagEul5DPGbSw2Xt+qIr1uC9sIUpgW7TT81BTeaCbJmjmQJa1JprqEQlUDYTgiLiukaIWwqb1sf06MQZuR8qUAl0i/oQtCeVouGfamOrdWqPZaUqga6uUwvCqqrWGMea9CH2D50v6Hs+VJoS6Eom2i7E5gv57VX2ATUD4C4e+O01dBIh6tmD7zYHlMUSOHNpL2yvja9y1W8Y249atFIxdlvNj441dNvPmqHH2BLrY5sCrXDNda9JdDyzgLY/WS8bo5rHsgKVQNnMWo8IUKkfGrQnH6GRBY/mU9Y1dG1Dl8+OY4v+o+6WnPnkObUglIb4f/1DfLLp3nPqNGilz/0AW24V6NYyxDqWhvr6Se42B5TFEjhz4Qi1qhObvcfe6bBLiMdtQcEj+bNjFoJW+twPtCcMRZ+Dfw66u7UeHwPyFHf7fVAGx+DMFOqL69g/NNh8n6F/Ye0a4m4ne19fdcerwMc2BVots9+wPfejk3qiikbiW4hgU1L0HHe7FLTY8hLOTIIvnoM2TcQCqvhe7CTyedlC0EqYECZdhvNMOqbTZzvvvQetUCVQNhP9GedF/Z/kzAQoZTALZ6ZASYs5ODMFSlrMwZkpUNJiDs5M4XeN0F+zwV3LR/wH/QAAAABJRU5ErkJggg==', 'Unpaid', NULL),
(51, 'bassu', 'w16', '04-04-2026 11:01 PM', 'Generated', '04-04-2026 11:02 PM', 'Pending', NULL, 'iVBORw0KGgoAAAANSUhEUgAAAcIAAAHCAQAAAABUY/ToAAAEKklEQVR4nO1cUW7iQAy1nUh8BqkH6FHCzVY9Um9AjtIDVCKflYK8sj2TALvRpAMUOvH7CAn4iTA82R6PJ8iQh44yiQDOTIGSFnNwZgqUtJiDM1OgpMUcnJkCJS3m4MwUKGkxB2eWOEIYUAPu5LrbHhGgRznoe+HSsPu1vzMHlMVaExNYAK2+HCrm/fkHAJV9AK18Ohnvf9fvJGfefYT66F9aHkQ+A0CH4ofUBTVfGP1Vfbvv/D4og2Nw5s+NECJuGKDfiLsZQN0S7uTyft+5HPQN23M48ydHqBliPgQV26UcpiB3h+9cClpseQln3m+E6vDaiKPpw4UGLmzft/KqbullwPYd4NQb+b+SAq2L2emESzTTftSg+bP5ofYgscyMjjYte/zdZoBySApnLvNDPL3RbStg8UjcbdUhHZEBvuRwnhP52KZA65vbg/ickPvIQaf6HKf1wbzxuX2hSqArNcQmFa37WP48pdMcakYms2Du9aHilEDXamgv/mVMgCZJQXtedxRxuYaKVAJdH8uGUFnUwrRIKhwg6mo6cz9UohLo+lgGMLkgdTwhgh1GmU3pkceyApVAt/VDYKmQxS09C4sgng+VqwS6RU7N4ozMBemZ+hyFKWw08VhWohIomwlBERq8YmI9TcRY39Ps2ow9lpWqBLp+reOzll6hAdq9LHPw0T5AzYdkrcPMul31yLslZz6xhnpdqNda9LFmS4r6LXCH1YDa+6HislaQh90tOfN5c2oYV+ZD7qOhbbBD6ALRs9iI5j1oadAKNcRRKqGoOLZ96MxfK9ZWA3ANFagEul5DPGbSw2Xt+qIr1uC9sIUpgW7TT81BTeaCbJmjmQJa1JprqEQlUDYTgiLiukaIWwqb1sf06MQZuR8qUAl0i/oQtCeVouGfamOrdWqPZaUqga6uUwvCqqrWGMea9CH2D50v6Hs+VJoS6Eom2i7E5gv57VX2ATUD4C4e+O01dBIh6tmD7zYHlMUSOHNpL2yvja9y1W8Y249atFIxdlvNj441dNvPmqHH2BLrY5sCrXDNda9JdDyzgLY/WS8bo5rHsgKVQNnMWo8IUKkfGrQnH6GRBY/mU9Y1dG1Dl8+OY4v+o+6WnPnkObUglIb4f/1DfLLp3nPqNGilz/0AW24V6NYyxDqWhvr6Se42B5TFEjhz4Qi1qhObvcfe6bBLiMdtQcEj+bNjFoJW+twPtCcMRZ+Dfw66u7UeHwPyFHf7fVAGx+DMFOqL69g/NNh8n6F/Ye0a4m4ne19fdcerwMc2BVots9+wPfejk3qiikbiW4hgU1L0HHe7FLTY8hLOTIIvnoM2TcQCqvhe7CTyedlC0EqYECZdhvNMOqbTZzvvvQetUCVQNhP9GedF/Z/kzAQoZTALZ6ZASYs5ODMFSlrMwZkpUNJiDs5M4XeN0F+zwV3LR/wH/QAAAABJRU5ErkJggg==', 'Unpaid', NULL),
(52, 'pavan', 'w16', '04-04-2026 11:17 PM', 'Generated', '04-04-2026 11:17 PM', 'Pending', NULL, 'iVBORw0KGgoAAAANSUhEUgAAAcIAAAHCAQAAAABUY/ToAAAERklEQVR4nO1cUW6jQAy1DVI+idQD9CjkBnukqkfqDcJR9gCV4LMSyCvbM0CioiEk2STg94GAzlOBPL3xjD2DDMtQ0UIigDNToGSLKTgzBUq2mIIzU6Bkiyk4MwVKtpiCM1OgZIspOHONXwgDckDc650OARqUQw54iJeGw4OfdgloEUvgzJlfqGRBDcBcd1ElBbNKio/NjvEAmTaKQbh/2xRoY8wm+kslovkUM6pQfEgtqPjB6Ff5Mzzt5aAFHIMzU8jPrrH8u2Msa2Asucu5Osi9rzc2EY3g3zYF2qiGoHpvgSvMWgDIGKD4zgGKFhiaW/1PcuYqNVRImGMq6eRehwyNhtc7BmjeRFIA/LLvSc689xeqdMAlmpG+DMo6syAayhpkXKaHzoZlt/qfC0BLSApn3tuHeLhR7UEsCIDlDMyRQPqyExfyXyUN2ggTbLguY3v1HIt9jnLgWgbzdTCjgCI05uNrvSc5884aYtOLakM1ZOF0a6LhozQ0mYVWrqEZoO35EKvn2D11H/OmLGhI/yDicg2tUgl0vYZacRodfYlo1H3MgkJfNjpzH1qjEujamLrCeAj3u5yhQYCy3ktMzXL2JpNEWYvl8fXek5x5bx8CMx4Np8OZORKbN2k8pFbl8dBs0MZiataBWLxpXVYMj1Q+cZjmfdlKlUDXMitNsr7HpLxc4iHakt5C3Ev2FXTy8cFPuwC0hKRw5kVfqEE8ia4B8EPD6UYSHr3WfmFeBHLmCmNqlLQYljGgZku3NnvLvqLWfkgkjVYK8rCnJWc+8RcqfvpKxTyUDkkGH0w+Ykaf0peNpov890yBNsKE8ey0ZjiG6NrmqYfLUOrouY5VKoFuMi47nk5Hh3A6ixPTejbkRF7rPcmZd58fgrFUzIKs3yqCQVm61czINTQLtLG+DNR9dFboLEffhnvlmdZe6z3Jmf8jHoJ+RB8KQKKkYg8Wvck1NA+0tXiIY4mHjbz6OelaM619ujUm9N2H1qYEukneHkaDsyGXzyG6tr7Ma9DWqgS6vgYNQucVSjxi/RAMKdg4yve+bJVKoFvUMcIw8upLh/jcgrwvW6sS6PpcRwZQfuUtV4dckhtSP1R8S14D43ohKScKJfqPelpy5vPWoIEdWkAoaik1yy2HBiofKU6L+TJdvPiopyVnvsC+HyBOo2UftrQMMY/TkM3pmlj/PVOg7e77AYIwWc19/VBIn9lqxQc/7QLQEpLCmZfu+4GIu5Hn4IdsJTPk8n9hXg5y5qr3bODqzzeybtyg9UPQ6JYfHeoOIFy9/3hMvU4l0O2Ypay314pGrR+qRDTSv4UebAiKnuJpZ4PmNz2DMy9do8h9AUhEFhd3+BzjhaCt1X4o4tr6YVJRcL7y3vNla1QC3WzfD+4v4pyRoM91jJq+1nuSMxOgVINJODMFSraYgjNToGSLKTgzBUq2mIIzU6Bkiyk4M4XlMfU/cVQlb8Sl/ZAAAAAASUVORK5CYII=', 'Unpaid', NULL),
(53, 'pavan', 'w16', '04-04-2026 11:37 PM', 'Generated', '04-04-2026 11:44 PM', 'Pending', NULL, 'iVBORw0KGgoAAAANSUhEUgAAAcIAAAHCAQAAAABUY/ToAAAERklEQVR4nO1cUW6jQAy1DVI+idQD9CjkBnukqkfqDcJR9gCV4LMSyCvbM0CioiEk2STg94GAzlOBPL3xjD2DDMtQ0UIigDNToGSLKTgzBUq2mIIzU6Bkiyk4MwVKtpiCM1OgZIspOHONXwgDckDc650OARqUQw54iJeGw4OfdgloEUvgzJlfqGRBDcBcd1ElBbNKio/NjvEAmTaKQbh/2xRoY8wm+kslovkUM6pQfEgtqPjB6Ff5Mzzt5aAFHIMzU8jPrrH8u2Msa2Asucu5Osi9rzc2EY3g3zYF2qiGoHpvgSvMWgDIGKD4zgGKFhiaW/1PcuYqNVRImGMq6eRehwyNhtc7BmjeRFIA/LLvSc689xeqdMAlmpG+DMo6syAayhpkXKaHzoZlt/qfC0BLSApn3tuHeLhR7UEsCIDlDMyRQPqyExfyXyUN2ggTbLguY3v1HIt9jnLgWgbzdTCjgCI05uNrvSc5884aYtOLakM1ZOF0a6LhozQ0mYVWrqEZoO35EKvn2D11H/OmLGhI/yDicg2tUgl0vYZacRodfYlo1H3MgkJfNjpzH1qjEujamLrCeAj3u5yhQYCy3ktMzXL2JpNEWYvl8fXek5x5bx8CMx4Np8OZORKbN2k8pFbl8dBs0MZiataBWLxpXVYMj1Q+cZjmfdlKlUDXMitNsr7HpLxc4iHakt5C3Ev2FXTy8cFPuwC0hKRw5kVfqEE8ia4B8EPD6UYSHr3WfmFeBHLmCmNqlLQYljGgZku3NnvLvqLWfkgkjVYK8rCnJWc+8RcqfvpKxTyUDkkGH0w+Ykaf0peNpov890yBNsKE8ey0ZjiG6NrmqYfLUOrouY5VKoFuMi47nk5Hh3A6ixPTejbkRF7rPcmZd58fgrFUzIKs3yqCQVm61czINTQLtLG+DNR9dFboLEffhnvlmdZe6z3Jmf8jHoJ+RB8KQKKkYg8Wvck1NA+0tXiIY4mHjbz6OelaM619ujUm9N2H1qYEukneHkaDsyGXzyG6tr7Ma9DWqgS6vgYNQucVSjxi/RAMKdg4yve+bJVKoFvUMcIw8upLh/jcgrwvW6sS6PpcRwZQfuUtV4dckhtSP1R8S14D43ohKScKJfqPelpy5vPWoIEdWkAoaik1yy2HBiofKU6L+TJdvPiopyVnvsC+HyBOo2UftrQMMY/TkM3pmlj/PVOg7e77AYIwWc19/VBIn9lqxQc/7QLQEpLCmZfu+4GIu5Hn4IdsJTPk8n9hXg5y5qr3bODqzzeybtyg9UPQ6JYfHeoOIFy9/3hMvU4l0O2Ypay314pGrR+qRDTSv4UebAiKnuJpZ4PmNz2DMy9do8h9AUhEFhd3+BzjhaCt1X4o4tr6YVJRcL7y3vNla1QC3WzfD+4v4pyRoM91jJq+1nuSMxOgVINJODMFSraYgjNToGSLKTgzBUq2mIIzU6Bkiyk4M4XlMfU/cVQlb8Sl/ZAAAAAASUVORK5CYII=', 'Unpaid', NULL),
(54, 'p20006', 'w16', '04-04-2026 11:37 PM', 'Generated', '04-04-2026 11:37 PM', 'Pending', NULL, 'iVBORw0KGgoAAAANSUhEUgAAAcIAAAHCAQAAAABUY/ToAAAEFElEQVR4nO1cbW6kMAx1DFJ/gtQD9Cj0Bnuk1R5pbzAcpQdYCX5WCvLKdkJod1EKM22H4PcjBSZPfPTJdhwnjmAfetxJBDBmDpjtsQZj5oDZHmswZg6Y7bEGY+aA2R5rMGYOmO2xBmOW+IVcQK1HAKNz0LeTc8/8sx6NsdfzYd9zD3AX60zMWv90F27HRyAYW4BeZQJAAFMN3cAHY+Xlmvu+p0Vj3vEXGqN96Z88uJ8DgHuGiqBvKx65TSocMVV38LTbgTs4CmPmUL87d93LA7n+ydfQ/a49dC+1Wp9/YN82BzyphkBtzlgD9W01n7a3vCcas0gNNeyxRvVlNcH46AGaP47kh74NoRAd9j3RmJ/2hYAY8aQi6IbVBgI6plzsv5IDnsoO0duLBPDqCMADcYgdHJqYqlvcE41Zoh3qpGFLo+amma8Rg+2QIv5gdqg0JeCVGlJcGg90acIZ0cC/ihsjD0tJSedjvSca89PjoSYERaIcPeK0IxHLB0RcfNE0tAF4tpi6YjskDk2OlkkhUiFJl9lymR0qTAl4dTw0hIgnCET1UsXYZxZXcG2mofKUgLuZEEUDcyjkg0ML8vFqh9QYmS8rVgl4tYaaN85LT3UMJnF29GVsh8yXFakEvE1M3UjoLFKZY+ohxkOiJtNQsUrAW2iIZOQ1R9fLsf0Qo6VFjHSs90Rjfsm4jDTsEfmwaKJDS8pJmSLTUB54SjtUxSblqYcwol96OtNQgUrA3UxIOWk1Mil0viQTpGZpng4xDRWoBLxyztVxwxUfXPL6KLWwjmB0PH3W8nTrq9QUeZoLYo/2nmjML8kxdjENtBzMU9CM+jfxeebLPgY8CRNSEJ2aEDovctfp1OKhQpWA19shiCYoxkNpmoNmYxTtlY3LylMC3oTZy6KNNxlr93OQpWUPcTrk1vfcBtzYP8GYX1CTX3nX0VS7bphqcWGy0ox6V8kyDx6NSexdXX9PNGaxNWgUE9OxGs2HJhQRzV3MlxWoBLzaDo28+qchcDyOJ14b5KBhw9NwJK1rg4KB+sanRWPec57ax4B5+E9tI8WlHxZTbwCe0ZdRWiUU9EKhCmSup7baj1KVgDfb9wN0kRmP8n9JJC1m6eWBHVp9+PfcA9zFOiGzSzG1Jol4zwYOirTR9WX++O+5A7iHdOp9P5zTXYck0Tg5nXMV29TLxkT38bTbgTs4CmNuyFNDqPOIokmryiBO2aeiEKsfygNPy2xiEK3WpxVjFPYf4q1kYrL6Pp72o8AP93wPY27e9wNGxynq2nOK2lP/QwzUxGvwPXeeeCE+w75tDnjWfT9AKs9iihqCV0vVaFaDVqgScDfT2R7nRf0/0ZgZYK7DKoyZA2Z7rMGYOWC2xxqMmQNme6zBmDkc6wv9BUvPat4RG+TZAAAAAElFTkSuQmCC', 'Unpaid', NULL),
(55, 'p1010', 'w16', '04-04-2026 11:53 PM', 'Generated', '04-04-2026 11:53 PM', 'Pending', NULL, 'iVBORw0KGgoAAAANSUhEUgAAAcIAAAHCAQAAAABUY/ToAAAEHklEQVR4nO1cWY6jQAx1GaT+BGkOkKPAzVpzpLkBHCUHaCl8tkTkke0qlpaYSirbpPD7ICTlpxBivfKWOII09JhIBDBmDBi12IIxY8CoxRaMGQNGLbZgzBgwarEFY8aAUYstGDPHO+Q8SoBeDvXZuXYo1cY5fRqs2hdfbQowicUwZhTEgEYeTgVH2IWeUadnANDQCNDwa7NxZ/c2BtwZc/D6Ql01gmsrdhr6duJSAMOHpm8qVa+/2uuBCRyFMW+6QwVBf/h20NfsXM95z3/CmO9whxyHPUGWznzGwiPa9LD3vBx4he0axnxePCQAqDjiqUaY46HFqsVDlwH3xewl4apFh0qA5liC+zx+kGtDPCSyJHj91SYAU0gCY8ZQynFueFB/GIH6utADQPXtiIMiWlox7N7GgDvby06FHnxGr6+BX9V8X7cx3tUYlttn5gmYzCz9o8rNCK4hANd05ymHP5cA1QkcQDFSX3/x6quuFo353+oQaegsUbMoEhcVRX06Maq8BIk2WUx9IXBvednoXWXetzijp05fC7C9LFtPwGQm+OhGStScg3kxkrXCB0DsSPKa5fb5egLeymxmMZIUvg4bWs9nAi5WSzP29VebAEwhCYx5Yd++5Zq0tOwFoj6/ucNBR18ukp3OtaFzZvc2DtxhTA0S+0j8rPvW6Pc3jYwWCb7l9vl5At6HOQTN4Sxf4D7Zm7pJfWRDu+t7XgW8znwBYz5+Bu0geVk4qCOpv/gASHuuvODzfftWYsD91alpkXlNyVmjO11YFfexvSxHT8Cb4yFapfDdqjREmvlLG18KjRYPZegJmMwsw0lBDqAcoW+518Ete6h8m8MfdLw6pPpv9jnRmI+vMRY6MKSVokWGRlPtWueHTIcuBu6ECYuhMz+JL/tWCIq6n45k8VCmnoC314cKLzJSC9IzLQhJaWg972jxUIaegPfYy2BukGnzfh6NXexlVmPM1BPwHjoEc/NeRjxktZOakSLIkulQjp6AyUyYpUWf+0b9ci8DFahFL996Hfl5At4vLwP9ScdcGioWP/MI/X3zofw8AW+sD7nmVDvyFSCZaJwmYKsv7nXIaKysnkt6x8+Jxnx8ndpjNRBLkwT92O5Mhy4B7kuHQFGMBCC/A5Ie/QlYm0bXHNlg+DW+7+dEYz5jjpF0iGgotY1PdOK5NB5E+z119Wcxsm8lCtwJs/SPQw3Q/GFFqsaSHWmcAyWQ9lnvXn+1aMw3uEPkB/O9BMGkQ6tK0X3f83LgFbZrGPMJfXsP7db3B/KDaE0nYiQLsAqK7FuJAff6vx/dtLAuDZFOF1mdOldPwGQmqA95TMNBU1ERwjh++ImrzX5k6gmYzHT2H+dZfZ9ozAgwZrAJY8aAUYstGDMGjFpswZgxYNRiC8aM4b3u0F87PFByZKU05gAAAABJRU5ErkJggg==', 'Unpaid', NULL),
(56, 'p1010', 'w16', '05-04-2026 12:23 AM', 'Generated', '05-04-2026 12:23 AM', 'Pending', NULL, 'iVBORw0KGgoAAAANSUhEUgAAAcIAAAHCAQAAAABUY/ToAAAEHklEQVR4nO1cWY6jQAx1GaT+BGkOkKPAzVpzpLkBHCUHaCl8tkTkke0qlpaYSirbpPD7ICTlpxBivfKWOII09JhIBDBmDBi12IIxY8CoxRaMGQNGLbZgzBgwarEFY8aAUYstGDPHO+Q8SoBeDvXZuXYo1cY5fRqs2hdfbQowicUwZhTEgEYeTgVH2IWeUadnANDQCNDwa7NxZ/c2BtwZc/D6Ql01gmsrdhr6duJSAMOHpm8qVa+/2uuBCRyFMW+6QwVBf/h20NfsXM95z3/CmO9whxyHPUGWznzGwiPa9LD3vBx4he0axnxePCQAqDjiqUaY46HFqsVDlwH3xewl4apFh0qA5liC+zx+kGtDPCSyJHj91SYAU0gCY8ZQynFueFB/GIH6utADQPXtiIMiWlox7N7GgDvby06FHnxGr6+BX9V8X7cx3tUYlttn5gmYzCz9o8rNCK4hANd05ymHP5cA1QkcQDFSX3/x6quuFo353+oQaegsUbMoEhcVRX06Maq8BIk2WUx9IXBvednoXWXetzijp05fC7C9LFtPwGQm+OhGStScg3kxkrXCB0DsSPKa5fb5egLeymxmMZIUvg4bWs9nAi5WSzP29VebAEwhCYx5Yd++5Zq0tOwFoj6/ucNBR18ukp3OtaFzZvc2DtxhTA0S+0j8rPvW6Pc3jYwWCb7l9vl5At6HOQTN4Sxf4D7Zm7pJfWRDu+t7XgW8znwBYz5+Bu0geVk4qCOpv/gASHuuvODzfftWYsD91alpkXlNyVmjO11YFfexvSxHT8Cb4yFapfDdqjREmvlLG18KjRYPZegJmMwsw0lBDqAcoW+518Ete6h8m8MfdLw6pPpv9jnRmI+vMRY6MKSVokWGRlPtWueHTIcuBu6ECYuhMz+JL/tWCIq6n45k8VCmnoC314cKLzJSC9IzLQhJaWg972jxUIaegPfYy2BukGnzfh6NXexlVmPM1BPwHjoEc/NeRjxktZOakSLIkulQjp6AyUyYpUWf+0b9ci8DFahFL996Hfl5At4vLwP9ScdcGioWP/MI/X3zofw8AW+sD7nmVDvyFSCZaJwmYKsv7nXIaKysnkt6x8+Jxnx8ndpjNRBLkwT92O5Mhy4B7kuHQFGMBCC/A5Ie/QlYm0bXHNlg+DW+7+dEYz5jjpF0iGgotY1PdOK5NB5E+z119Wcxsm8lCtwJs/SPQw3Q/GFFqsaSHWmcAyWQ9lnvXn+1aMw3uEPkB/O9BMGkQ6tK0X3f83LgFbZrGPMJfXsP7db3B/KDaE0nYiQLsAqK7FuJAff6vx/dtLAuDZFOF1mdOldPwGQmqA95TMNBU1ERwjh++ImrzX5k6gmYzHT2H+dZfZ9ozAgwZrAJY8aAUYstGDMGjFpswZgxYNRiC8aM4b3u0F87PFByZKU05gAAAABJRU5ErkJggg==', 'Unpaid', NULL),
(57, 'muttu', 'w16', '05-04-2026 12:40 AM', 'Generated', '05-04-2026 12:49 AM', 'Pending', NULL, 'iVBORw0KGgoAAAANSUhEUgAAAcIAAAHCAQAAAABUY/ToAAAEhklEQVR4nO1cW46jOhCtKpD6E6ReQJZCdnCX1LpLmh2EpWQBI8FnJCOP6mHIjMSYMEl3A3U+0hDqKJguHbseBiOsQ0sriQDOzIGyFnNwZg6UtZiDM3OgrMUcnJkDZS3m4MwcKGsxB2fu8QmhoQQ89yVAm76Ath4Qz2xy7tOX582Ocw1oFeuAzCYyOoD4/ykAQGWnAP1bhLYWo0KM4pbHuQK0hnRIZm/6oiLTdANCexJ/GVCuipVI1Te428dBKzgKZz76hOIlORKe2X1YoKDp7MLfmMtBztz5E+pLm8F48gI9rYIJ1It+cyloseWfcObrnlBpfyv2mR4AmwgQAQJAw8rTnguAtu6iTGb3CUn/r+RAx2K2EnDJ0rlPwZkcffDCurmKqw0Wq3353a4ArSEJnLlMh+J4HtsaEKC6YYReFtbBZEmlaoI/2xzoUEw04WGRqQKvn4uIWBcxXlh9ODUkR6ZSX3y3a0CrWAxnLtahAAhVKLHpBhaigpVHUES78IOnumr83p9tDnQQJmjeMHacQJQQnnWITzWij3IULe+osZokJC/bGic588U+BA370EWy03LKTqO568hH6lIc6icT96E86GBzWQ88g6WYC/r3iNDL5NWx+twwtnUBsf1vKDXo39g4yZmvnssuMoNJMUymLFn28Acr0iRGSaVch5aAjsjsOS7TjxKsBItSxpdk9U0jtO9ytw+BHjO/gzMXP6Ei4lmER6r1LEZtbQtr/BCBYr/Sqv7vzIdBztzhegglBmtRVkZFGJdFYBWOvtYlExf0v/JuyZnfObYHXQBpcDZFaCBdQ1LwSMV7j8sWgg7ChMlV9NxyQZasBjsS9xFv8vzQTj2B/lmHYriL0FLPYkjRWArJRKA8LtulJ9A/M3tuGEqtQ/EiMZjq0E1LsHYVBq6cffXdPg5awVE4c2nNFbgB5MSuMp5KG2xbW0VW2xo1frtjrgE5c589aAGwub6lRdFl4KwQcDF2DMQEfRk2OU5y5ifVy0LKSU9d1NUYoaXctcdlC0FHjctg6u6QaCzlHS040/qH1zr25wn0jD7GyB9T2zQ2P94Duw+3UhcBm05aZUdf29Y4yZmv7mNELYtZqSxtShx0TW2bzKoY8ePq+1wXg46nQ8hbOhCqnyVCNfCFIkBzZWWqQhnbuuPQLZSbHCc589X1MpB2fJwyRW/cAXtDaC5RWmN5QpPLPpctBh0tT22wrqFUPgPpHxpX0tbRyIbeC7szT6Bn6BBoJ75tbOV2xUG1CQFYlvr3sN1xkjNfnh+KjKmpekoNddKYb68GSdrkOrQEdND3foDGYAnIm8x0A6xGbc/8zcdBKzgKZ37iE2qub7o9URdFjeiQLorGVw89+zcXg5ab/gFnft4TQjzdbE+rdFG3pxtvxC+i7ry34v1zf3M56AHb3+HMz1wPwf1r0cD2dQhSl6PA47Is6Gj1MoEF7lNpFSZv0tSQ96Dt1RPoee/9APuI9xcq+zvV1bY2TnJmBpQzmIUzc6CsxRycmQNlLebgzBwoazEHZ+ZAWYs5ODOH9WvqX3astsnbInW8AAAAAElFTkSuQmCC', 'Unpaid', NULL),
(58, 'Pavan', 'Icu', '05-04-2026 01:08 AM', 'Generated', '05-04-2026 01:25 AM', 'Pending', NULL, 'iVBORw0KGgoAAAANSUhEUgAAAZoAAAGaAQAAAAAefbjOAAADSElEQVR4nO1bWYrjQAyVbEM+y5AD9FHKN5sz9Q3so/QBAvZnQwUNWspLYKA94+m0U3ofiVOOiEsRWp5USLAbQ7VfBsCFDK4IgyvC4IowuCIMrgiDK+JMikBDwx/uiN3EV1PDN+Qqf6F7yuPthAsdoIhIjBFAjWFoOYF8S0BECbCDWu7nLNRVXoAipuwA2A4Awic7CkQY2jtSr26ked7j7YILHaqI+NEA0ShOgW1jupDFiqN/6StwoacrgnqoSTyDGIOkFf/nl74EF/p2RTT2HvjPnzhqdIAQRyCM7wAYCUBMYs1k+f/0+hYxqCOoAeN4TQjTlSMGQ6+2juKH76lyoX+2CFoWhrbWC2KXQTCxMYgHWeAqf2FFgFaVUavPmgBC2twYLbeQgkNr0P6H76lyoQPyCLg3UnOS5pMTExL8IswEhBvnFnMkcZW/vCKony5EvTCVQkWEzEv1YeallmTiFHvaCRfK0EBAGjAkTNT5JYeT/FVb86jx0mYEm3QBVi+K1Y1gxuMWUYJFQNj4A/ERsqYfKZlZuEWUUn0OHXKlKWlknYySmmTtmmBob0pTffvjVS70NM5yBJxpB2EhCELSuxg/Lkxheq1RUtQAbm2N6yBCfeBYwfQER40lsHgeUYpFgKQL0vZcMksmrCyFyPWHW0QRQiFxc+NCMLx9asqQu+ENYBdo0xI/yZ52wYUeOUtGGCHXGtzuyg0PjO8INLSAlme49uD1GSqGxIq5kWHFqGYU6wLVo0YBtQZyISGzENz7tCtthGsJigCxP8ueKhc6pNOF1t8KN253SZOrVjvAOLYaPzxqFNQNT1pfGlmtc5YzpCyd17wbXgSLneYi02hr467zuISWI55HlNINp0w2SA88D93m4xuaY+a1k+xpJ1zowUcobCDigZLKHXLvdJV4pguMkuKJGQkYfIxH+av2eY+3Dy500HwEsCtQKsLaHJsZKjUazyyLs7043tFOe7Kj+KWJpuQRfhK4SKGhrWl1HFiICj0Y7FGjKKGwsNgyYHvn4WthreQYqBwHnpuiJ9nTLrjQH2oN0PMaSlNlekKpCK81ijzTRatPMlJlc1Xr9Z++p8qFFK4IgyvC4IowuCIMrgiDK8LwVwzVb0RXTxM9vFH6AAAAAElFTkSuQmCC', 'Unpaid', NULL),
(59, 'muttu', 'w16', '05-04-2026 01:26 AM', 'Generated', '05-04-2026 01:47 AM', 'Pending', NULL, 'iVBORw0KGgoAAAANSUhEUgAAAcIAAAHCAQAAAABUY/ToAAAEhklEQVR4nO1cW46jOhCtKpD6E6ReQJZCdnCX1LpLmh2EpWQBI8FnJCOP6mHIjMSYMEl3A3U+0hDqKJguHbseBiOsQ0sriQDOzIGyFnNwZg6UtZiDM3OgrMUcnJkDZS3m4MwcKGsxB2fu8QmhoQQ89yVAm76Ath4Qz2xy7tOX582Ocw1oFeuAzCYyOoD4/ykAQGWnAP1bhLYWo0KM4pbHuQK0hnRIZm/6oiLTdANCexJ/GVCuipVI1Te428dBKzgKZz76hOIlORKe2X1YoKDp7MLfmMtBztz5E+pLm8F48gI9rYIJ1It+cyloseWfcObrnlBpfyv2mR4AmwgQAQJAw8rTnguAtu6iTGb3CUn/r+RAx2K2EnDJ0rlPwZkcffDCurmKqw0Wq3353a4ArSEJnLlMh+J4HtsaEKC6YYReFtbBZEmlaoI/2xzoUEw04WGRqQKvn4uIWBcxXlh9ODUkR6ZSX3y3a0CrWAxnLtahAAhVKLHpBhaigpVHUES78IOnumr83p9tDnQQJmjeMHacQJQQnnWITzWij3IULe+osZokJC/bGic588U+BA370EWy03LKTqO568hH6lIc6icT96E86GBzWQ88g6WYC/r3iNDL5NWx+twwtnUBsf1vKDXo39g4yZmvnssuMoNJMUymLFn28Acr0iRGSaVch5aAjsjsOS7TjxKsBItSxpdk9U0jtO9ytw+BHjO/gzMXP6Ei4lmER6r1LEZtbQtr/BCBYr/Sqv7vzIdBztzhegglBmtRVkZFGJdFYBWOvtYlExf0v/JuyZnfObYHXQBpcDZFaCBdQ1LwSMV7j8sWgg7ChMlV9NxyQZasBjsS9xFv8vzQTj2B/lmHYriL0FLPYkjRWArJRKA8LtulJ9A/M3tuGEqtQ/EiMZjq0E1LsHYVBq6cffXdPg5awVE4c2nNFbgB5MSuMp5KG2xbW0VW2xo1frtjrgE5c589aAGwub6lRdFl4KwQcDF2DMQEfRk2OU5y5ifVy0LKSU9d1NUYoaXctcdlC0FHjctg6u6QaCzlHS040/qH1zr25wn0jD7GyB9T2zQ2P94Duw+3UhcBm05aZUdf29Y4yZmv7mNELYtZqSxtShx0TW2bzKoY8ePq+1wXg46nQ8hbOhCqnyVCNfCFIkBzZWWqQhnbuuPQLZSbHCc589X1MpB2fJwyRW/cAXtDaC5RWmN5QpPLPpctBh0tT22wrqFUPgPpHxpX0tbRyIbeC7szT6Bn6BBoJ75tbOV2xUG1CQFYlvr3sN1xkjNfnh+KjKmpekoNddKYb68GSdrkOrQEdND3foDGYAnIm8x0A6xGbc/8zcdBKzgKZ37iE2qub7o9URdFjeiQLorGVw89+zcXg5ab/gFnft4TQjzdbE+rdFG3pxtvxC+i7ry34v1zf3M56AHb3+HMz1wPwf1r0cD2dQhSl6PA47Is6Gj1MoEF7lNpFSZv0tSQ96Dt1RPoee/9APuI9xcq+zvV1bY2TnJmBpQzmIUzc6CsxRycmQNlLebgzBwoazEHZ+ZAWYs5ODOH9WvqX3astsnbInW8AAAAAElFTkSuQmCC', 'Unpaid', NULL),
(60, 'p150', 'Icu', '05-04-2026 01:40 AM', 'Pending', NULL, 'Pending', NULL, NULL, 'Unpaid', NULL),
(61, 'muttu', 'w16', '05-04-2026 01:46 AM', 'Pending', NULL, 'Pending', NULL, NULL, 'Unpaid', NULL),
(62, 'p101', 'w16', '05-04-2026 12:06 PM', 'Pending', NULL, 'Pending', NULL, NULL, 'Unpaid', NULL),
(63, 'p101', 'w16', '05-04-2026 12:06 PM', 'Generated', '08-05-2026 08:39 PM', 'Pending', NULL, 'iVBORw0KGgoAAAANSUhEUgAAAZoAAAGaAQAAAAAefbjOAAADHUlEQVR4nO1bUY6bQAy1A9J+grQH2KOQG+RIVY+0N2COkgOsBJ+RQK7s8cBsVKmli0o2894HCgQrxFjPb2wPC21GOG23IYKRA45wwBEOOMIBRzjgCAcc8Z0cwY6aiMb0KbSqGVoiPsdrzHw+5PE2AkY7OKITxaBvv5n0dCL+cdUAiajs+6RC4fICHDEuBDA6UUivsbHAGeSgx9sEGH3FEfX9hdASCY1E3L2/TkxUT3aaAy4vyBHSr58jR8yJPHb+pb8CjA7jiEY1glJBN7xOFC5TLaH9qE05sB7yShbe0xM7gnLFSJVQN/zukG4wBdo/+H86wejLHCHrhdBWqiNmJmpunDPICrj8+Tmii6vPSpJ6qMQUhfSNksJyagBHPH9ESJ+qEBYC8Yts9WnfDoiIkipUV6tCvIjVpdKCQ5lBOUJirUoZ5JjH2wYY7cARYtoxI4VEFPJJWSJrFBN7QetS/ej0ID3NWrMUodCqxjQ0IuhrfMeX+4+rzyqKyiQrXGi6mLBTVRlQlsVkDVFRmYRDTBOxFGHxsuhOREQ53fA66YiRmcJbigM77a4vYrrzoMfbCBjtljUoL2EaZaRrxhGpboF6xDPHHq3CgTQv+DXLGjGTLPelJIKIKKWvIRoHGTNYMPjCc+lwICKKmo9oNBYajYFmIO5E256N6OGDRRse//3xTjA6cvXZpWZnZAtffaac4gsOZI2COl19eufrYGVWzETWKCtrjK32wF+EQipRUrjYxEw1+cJzXLrmD/6fTjDawRGNlSZvOkFn1csbW8/LytZ8ppmtno0qdlE6QtaytWWIqC2WCas4QgEdUUwV25GK1Z9HI1bxqfegQlXSnKVYPSLWqmK7a+lwYGKmyKk6yRaeyz13qQMcUdaeLqqE+U13+S25IrC2u7DLr1SjWZudNclPrvMmV9z+d/zj/Rkw2t0R0utgfjfomlPpwXaJZ8P6cHlJe7qIqompGSxhTNQNLUm4zLUExuRtkXu6KM1QueRMffF85u7B/9MJRjvu6RI/+JX0KdIDZqjugNhzwBEOOMIBRzjgCAcc4XhGR/wCU6J3T+i/Bg4AAAAASUVORK5CYII=', 'Unpaid', NULL),
(64, 'p101', 'w16', '05-04-2026 12:06 PM', 'Generated', '05-04-2026 12:07 PM', 'Pending', NULL, 'iVBORw0KGgoAAAANSUhEUgAAAZoAAAGaAQAAAAAefbjOAAADPUlEQVR4nO1bUa6jMAy0AamfIPUAPUp6gz1Sz9QbkKP0AE+Cz0ogr+w4SfuklR5bdimNRxWCgNVgRoMzCUiwGL5aHgNgQQpLhMISobBEKCwRCkuEwhKxp0SgogHwHQCex+bhGjyP8YLzJt1bCAtaIRGOGAM/fT4UWmCXL6vlfKxCLeUFJGKMAuBuDVDf3pF6FgrPusEICrJV9xbBgl5JRPO9wZ8mQDfMrBvaRDA+X2MpLygR1Of9UEzM+G/+6UewoM00omVBSFLgu4EQWlYLAkB3ZaF48Z8qC9pTIryMJLievNyaUEyETRIKwVbdWwYLel0jKDf4DsKDJ4AplBD0rBCW8o/mHoRRpQujz5rA8UZO9Dzm7Fsi3YsXU//m91RZ0OuMEDiaeODJBBnkxBTagSuK2GaMKEQjBlEBkQdxoyYQyVAKBEakwze/p8qCXmYEBQqIWrTp/ZHbni82RpSjEYLHPX1X8Ca8TowRhWhED/mZczEhZAiSIYdaVphGlPPWGJIeZORSUuoIY0RRDlXHZjWblDzdhWfxrpkH7FDh5XYggJE323RvGSxoFRf7qyEYj4QAc0MeawJ/Bjararan7soXJxWGpVzxyYwYeYfnwH1wLEUjhCVdtDDH47SPe6osaA3PckqOQ3ajkkMVRh1abdro86O5B7l2JN2LhWbgQRibqqltjChoxUzNJUQdVAHddUbgmkFqSfInAoT2y+Y+i2EE8o/8L3nmzaQUGI+TlpIwN+CuBybN/+1eZUGbeZYQJzulbeBT2c+WAsPmNYoibDsBXkIpWROehQw3WSIjq+pm1GX7G3VvESxojdnwVskQ1UKQrGxGGI7YWKMM7pG+EpgWLVFQCzdEeRBaeDTPcpcP928rS0E9ke/Yl4qHusPmlLt2SLu4p8qCVlxVR8mKyF7V06vDHKrSvumC4FXJJNchGFayUvuBFnu5p0WwoD8mYoyfA+NJ5z6VDKOtzi+TRu0d4/cayGNOHXjG4cjW3fsBLGjVOqJPDz75Ug/+la2z/HjuwdPa2jqtpdPVuPr5hrAkT4a9+T1VFrTiN130eCijDv6w61u7pVxhiVBYIhSWCIUlQmGJUFgiFJ+YiN8FeHZgVIQflQAAAABJRU5ErkJggg==', 'Unpaid', NULL),
(65, 'hanmaya', 'w16', '06-04-2026 08:53 AM', 'Generated', '06-04-2026 08:54 AM', 'Pending', NULL, 'iVBORw0KGgoAAAANSUhEUgAAAZoAAAGaAQAAAAAefbjOAAADHElEQVR4nO1cUW6jQAy1AWk/QcoBepTJzXKm3gCOkgNUgs9KE3n1bA8k3Y9u1LRJOn4fdIBYYYxjP3s8ZaGrMTXXyxCFkCMU4QhFOEIRjlCEIxThCEU8kyLY0RHRwmyHicsBp4b9XR7vSoTQDRSRBJhBG18yEfXZrlHCNaJW7xcWGiqvQBHL6gCWjni//BF3D9SaHbgHudPjXYUQur0iptVRTMP3ftMnCKFHUEQrMsIpHI7wFhjtv+mbPkcI/bgiOv/bIzYsRJzmgTVOCE5lKtZwXsmK9/T7LWICYyBq9ZA5HbvM6RWjeYdrJ77P4zUhdB+LkPVcppd3e/sCMqGncukh4j39aoMlyyqTZJKx5BXKIzzx7JFz9tk+ZxgffE5NCN1CES3M4p1FJBMfBLlGMRBKRySjwykqVBXYHpUffjanoGUqdwWrZ1DnkWY1mvARlUSNWUcIHQgTePtqEeflyj6iRkU+YoQ/2NiD0gq/oT5i4xvhIyqpRwBJiJj63Mk0vBGn8dQpkWDNSDGSp5hTE0JfjxrUX/AIEAcRhA5ZEw4PLOEjKrEI+vDinVGYbTjH9PXQyD6rqUdI4ZMbeygpqKYZK7d48Dk1IXSD7HNeXUGJFSXxXLsnwiJqq0fIpTFYCnoWU4CIGjVFDVrp5bYkbh+xGkX4iKqyz2UnnF47LG0JUtC55Jy9WQgSz1Y4jU8wpyaEbrD2uWC925okGF0RvvottGBd/MgYDVGPqC37JCcOTiaseumFSwsswSOqqWKT5hrFGDYTMOgKh12L7LMmZklqDNuouAdF+IjKeqhab8JPR1wCs7TWuiMTgU+CaAo/xZyaEPqyRbCftRm9dLa+JUQZfBIJx7LL2ooZK1317eniAxpj0C9lN2y/hm3xys81p+sQQv92zNDaJ7P1QnifJWCb/oJZ1tQfATD1eniz0IFNf9k2bUzDHFGjQiEZseVTeyo1YMB5eCOubgi98+P9F0Lolnu6FOIbenjdvoE0ow8fUWPNkpxMbIXLci1Ww+sQ4vjPZE/xnpoQMoQiHKEIRyjCEYpwhCIcP8cs/wL/s5CUIYHyDAAAAABJRU5ErkJggg==', 'Unpaid', NULL),
(66, 'basuu', 'w16', '07-04-2026 03:17 PM', 'Generated', '07-04-2026 03:18 PM', 'Pending', NULL, 'iVBORw0KGgoAAAANSUhEUgAAAZoAAAGaAQAAAAAefbjOAAADFUlEQVR4nO1cW46bUAw9DkjzSaRZQJYCO+iSZk3dASwlCxgpfEYCufLjXphWlQYFlSbX54PysoaYI/vYvpQYmzGcttsAYeQIRzjCEY5whCMc4QhHOMIRz+QIctQARiIMsicborNcH9MN3SGPtxFhtIMjWhbcAOpQMX3wBLQ3gPkqLEGl15MKDZcX4IgxBYDhDHCvh82dMFzudsEjyEGPtwlh9Igj6t9PtD/f5Z9qIoxnEJqKgfHrPeHyghjB+vaHDgQ0DMJI4Cf7Tacw2oERjbz2FAqo5blmiRGM8X3Sc2tahMtf3xGDVhJnVZaC8Y1NY6qE6DBbqXHU421DGD0eI3g5MZwriQyzvH3d5AiyIFz+wo6AVZWtVZ+iIuVcL+Vm32gJKnt6mG7m/j//TacwejxGDCTFRTOBhx+fNUl4MHJI9cloPgntzRVFuLyEGAEhg4QCjRZ+qZF4IBteGlYRI8pgBMs71zRhFJCNdio1aygZ/DAYURIj+JbUg4UM0xHIF9KtoSMKYES/igyZJcID36jajKxR2FwDGGt78T7ovEw25iC6ZG1x0ONtQhjtESOQBqC2p+pB9WQSlVaHRtYopx8xmVzwyXdOEyYmhBZSeoSyLCtGYNWS0pCRNabeZ3EjlGUp/Qi2yOC00GJUjnLCSJkkGFEII6B7mjrWOsKaU3o1ao3i5hrQHpTBQkZeS6dlaeiIsoxmWSJzJ2tc2urKZspr6WaZaxz5eFsQRns5or3WoA8hg3QhtD3hqeP6loeiu/ylbyOMDssat9SntnGXionUtfZWRD4XXexClCVUT2q5aZVmYonfaUVIMKKUSZdjmYEv7YmV7gxGFBUjYEulPGv8QYtYH1HkN11QCmiZ0amyTFWHq81jHm8bwmgXZYk8y/JlM5YrliVVWWiGsiyLe4OEAssaIxH3VoIKLfKHgE/3m76DMPq7Iyr2bzM0dejHn8KSyBoFf9OFVjtR9k2XbDDXPHRVrMUusNZAHnsuC+q8ga2NitARr25E8T+TPcV7OoWRIRzhCEc4whGOcIQjHOH4d8ryFzVwlWl6JE8jAAAAAElFTkSuQmCC', 'Unpaid', NULL),
(67, 'p20006', 'W16', '13-04-2026 11:40 PM', 'Generated', '13-04-2026 11:40 PM', 'Pending', NULL, 'iVBORw0KGgoAAAANSUhEUgAAAZoAAAGaAQAAAAAefbjOAAADLUlEQVR4nO1cUY6jMAy1C9J8grQH6FHozao50t6AHKUHqASflUBe2XFCZ/ZnUNHQNu99MKSp1fCwbMd2hoVWIxzWyxBByAEiHCDCASIcIMIBIhwg4pWIYEdNFLiOQwrtzMx6OY3pC6ddlrcSENqAiE4Ug942N/bPLh8i/ViT9FTZfIpCQXkBRIzZAIwfQtT42+ezTGQT0YLstbxVgNAjRNT/fdJcWRXE7t1afAcoL4qIUX2Fuok+Ds1rPM/yfgAIbWEjGvUSIxF3oqbBDEVzrSUcPXi4z2SB8vcnIthOotXbsY5BpV34fKk1jtBdh+4/dlreOkDocRsheSzheGMhujGF40QSWg0mzIIsAOVvTwSrFYipiBNVQoHNRrhLkc925pd7ppWAUELKM1Qx4yB9M1lY4VvQbtAJvdiE5S16sOd468hyUO9QqTYoxnqi7i+TuQ6dILaw4reXd4DQPkSIXDRsbCbi80AkfUxcVmo8Zo7mQXVjp+WtBIQ28RqU0w7mJjSLPZhGeGbCnQq8RiEa0YkFCVPWA1MQ14h46dR4QCOK0YjBTIErw/1sdCIWaE7QiHLiiN7+2G7CTIEZikaEOUUPphuohr/gy33EawypLr4EDmoeovHQr8BrFOQ1KGch7MWbZfgWVEIjCttrkAeQ6aIK4v4jAxmqcryGuOuwYCKmK7P/sMjStyPIWRZS6Rr/TBK4Eu76WYesRS5zJQuytXjyZzpA6PEsdjgRk7ZGSGivNlTMtekAE9WT5CEoL6bS1es4xphmD8x/xDv3H/AapWiEaOXCdSM13aakxKRxhO8/sPssLWdJrgc5lZ1MBn2JNp/8mQ4QetxGZNyrQIQlp5btCDSisHyExCRldB1LkStVvwywESWd6eLzoB102n4bEdMTnorYa3nrAKEtz3TJZ5vtgelG6tS23pktfmkVILQ7Eazt+Pb2Y51T22/TWR49/rfz8n4ECG3RZ5kgdoxHD+9oCDFRaLXFUuY69tx1phyg3PHmdQ3xluulpJG7qVJrNiLLAmuflEJJz0wsdXH0UBUhxPjPZC/xng4QigARDhDhABEOEOEAEY7fiyz/ASzvXhIGReq2AAAAAElFTkSuQmCC', 'Unpaid', NULL),
(68, 'p20006', 'Icu', '14-04-2026 05:58 PM', 'Generated', '14-04-2026 05:59 PM', 'Pending', NULL, 'iVBORw0KGgoAAAANSUhEUgAAAZoAAAGaAQAAAAAefbjOAAADDklEQVR4nO1cW27jMAwkbQP5VIAeoEdxbtAjFb2ZfZQ9QADrs4ADFqQoP4ousN4ETRzNfKhtZKI2RYzGJBUW2oy+2m5DBCMHHOGAIxxwhAOOcMARDjhiT45gR0PUc0N8iszUHy/MJ9Ih5gtOd7m9jYDRNY5o0o+20zG+6HhhojA21A4k1DORUKxHu4yv+E8VjHbliDgRQBhJunjQYGiI32Ukm0gMcq/b2wQY3YAj1mAKnywUziwUj98m4fLCYq/905B0VAufoioKqkW6x7m9fwGMbsERQTNV0ehhbJgCkfRv50b616QgaJnJgsuf2BEkCnLUQu3w05AvaPXq7sGfqYLR1RGxxJA/64KFSr2atQm43PHEHNGKvmEoR1DQNdcZpQf7TDp9/0BElLVrBI0IW/jBN4c0JI6w2Agjdo2SOELS6ielMEVJ0hELgYFdoxQdMcybg8WBToWZPOw3jxzoiMI4YjApOa7l5UqBQlk+v5GolBSRT5aPo2as06AVDrpwTlgx7+mZNgJGGZkKRv978YaRKGO1f4AjytER5AtvIaCDR0nWES4wsGuUFBFtogdDFhMWDIktZm3x4M9UwehWESHTe4WiXacwF2oTLnc8ryM4lTjjQfh9Fg7RymC1zB1W6KHa4eJeoSzbKZU9pystR2G8obPQEaVUw9nK36k7JgxE/fGcJ6hJsylb8du3V8HoXhxB/nLhwmEhNPMAHVFYpUvWqclc8/KtY6qHQlkWlLMkK21ZDy7zQUxtknZcpv5s1xb3uL2NgNEt6hrDSimYivSE1aQeUA0vKPZkzkpaklKLG9QOVteY2iXm2NjFM20EjL7piATPWeYAWdZDbR4ZqqKq4aJNEpkPMjNMXRFzKw1ylkWd6RLjiI9XowcrhOsXRrAVwvMmspdn2gQY/eVMF08/xRLYVgXt7fxffIGOKDCMxDJUlrbWc5/z4U+TnKhr7Hpx/0tHiNfArYEmt814xwx0RJlnuiQXtNYNmItDG6iGP7MR45vJdrFOFYwS4AgHHOGAIxxwhAOOcPyesvwCoMndnl8HR7kAAAAASUVORK5CYII=', 'Unpaid', NULL),
(69, 'p20006', 'w16', '15-04-2026 06:28 PM', 'Generated', '15-04-2026 06:30 PM', 'Pending', NULL, 'iVBORw0KGgoAAAANSUhEUgAAAZoAAAGaAQAAAAAefbjOAAADHUlEQVR4nO1cW67iMAy1SSU+izQL6FLCDljS1eysWQoLQKKfSKk88iNtYeaDCjQ84vPRW6CWWteyj4+TiwSrkTbrbQDcyOCOMLgjDO4IgzvC4I4wuCM+yRFoaADSjpkCIkLajYh74MNQLti/5PZWwo0ecUSjf2LPx+GXfkL97rglSAhAMIS8+MFdXkPsDSUBxGMD1LekPQj+UAb5QTPIq25vFdzoCTliRjpckGDQbMBnXEVu4C6vyRHxDJwUAhEXkvnsTW7vHrjRM3JEy1ViEKYQCNLhhADtqYHUKYOApZLlLv9iRwAxwBAI4vlfh3JB5Kv7N3+mjRs9nCNo+kypu3B6uCDwGaVd4F+vtW53+ffniEgZqC85opyBfkd9m/U6heeISqoGyYtXFindp7aggYgkStrsVaOyHEGcFGiRLaT1uGYUniMq4RFpdyaMfZ5aD+41IGQUMsFNyNx1vP0zbdzo4YjAeGyyqlHpcJKP0xWBODhQKosRTHc5fK8jwMhiK9yRmQJzBromlTPRdGZZD48glSaFRQqtKPLERDmnhsN7jUpyBFhzMfcaJQ4WGcQjohKjKLWC2YO+8wFRa4Vi2JIMQK03/YxnWgc3uskRUBpPbUFVti6MwuBVo7owGngNVUeE+1I1tNewNVSNrpT4rGe6F25UsFSnWz4qlZzYplCIiW06j6hHxQ6TSCkjTuGTV/K2zzUqm32OrEERYOqWc05K+5ARYMtfjo0rVFXlCFJJSpPCkkdIM6pthleNavQI4L6iQKUIYQ+zKOF6RF2a5dnkyoVsPS+pUvg0vC4eQfrOMZ5HXmw58nhLDrabA2MPMvN6/2fauNET11mSJAotGH8nCp9rVBN7Ud41L8xHXgYhW/0UOvAwKeJVt7cObvTMPV1ER0T8UVox8nCjbAOdi4i7vKbYQ+yI6Hd34QAJpLGh861BRInX3t5dcKNn7vIjGJosmz8VCUPGSGNjvFOCw11u+PYVMySkch5zFNVqXprtzLLCPV3Q3sy3JkXT11BVYYT+n8k+4j1t3EjhjjC4IwzuCIM7wuCOMPw/ZvkH14OYPtMTFCEAAAAASUVORK5CYII=', 'Unpaid', NULL),
(70, 'p20006', 'w16', '15-04-2026 06:35 PM', 'Generated', '15-04-2026 06:38 PM', 'Pending', NULL, 'iVBORw0KGgoAAAANSUhEUgAAAZoAAAGaAQAAAAAefbjOAAADHUlEQVR4nO1cW67iMAy1SSU+izQL6FLCDljS1eysWQoLQKKfSKk88iNtYeaDCjQ84vPRW6CWWteyj4+TiwSrkTbrbQDcyOCOMLgjDO4IgzvC4I4wuCM+yRFoaADSjpkCIkLajYh74MNQLti/5PZWwo0ecUSjf2LPx+GXfkL97rglSAhAMIS8+MFdXkPsDSUBxGMD1LekPQj+UAb5QTPIq25vFdzoCTliRjpckGDQbMBnXEVu4C6vyRHxDJwUAhEXkvnsTW7vHrjRM3JEy1ViEKYQCNLhhADtqYHUKYOApZLlLv9iRwAxwBAI4vlfh3JB5Kv7N3+mjRs9nCNo+kypu3B6uCDwGaVd4F+vtW53+ffniEgZqC85opyBfkd9m/U6heeISqoGyYtXFindp7aggYgkStrsVaOyHEGcFGiRLaT1uGYUniMq4RFpdyaMfZ5aD+41IGQUMsFNyNx1vP0zbdzo4YjAeGyyqlHpcJKP0xWBODhQKosRTHc5fK8jwMhiK9yRmQJzBromlTPRdGZZD48glSaFRQqtKPLERDmnhsN7jUpyBFhzMfcaJQ4WGcQjohKjKLWC2YO+8wFRa4Vi2JIMQK03/YxnWgc3uskRUBpPbUFVti6MwuBVo7owGngNVUeE+1I1tNewNVSNrpT4rGe6F25UsFSnWz4qlZzYplCIiW06j6hHxQ6TSCkjTuGTV/K2zzUqm32OrEERYOqWc05K+5ARYMtfjo0rVFXlCFJJSpPCkkdIM6pthleNavQI4L6iQKUIYQ+zKOF6RF2a5dnkyoVsPS+pUvg0vC4eQfrOMZ5HXmw58nhLDrabA2MPMvN6/2fauNET11mSJAotGH8nCp9rVBN7Ud41L8xHXgYhW/0UOvAwKeJVt7cObvTMPV1ER0T8UVox8nCjbAOdi4i7vKbYQ+yI6Hd34QAJpLGh861BRInX3t5dcKNn7vIjGJosmz8VCUPGSGNjvFOCw11u+PYVMySkch5zFNVqXprtzLLCPV3Q3sy3JkXT11BVYYT+n8k+4j1t3EjhjjC4IwzuCIM7wuCOMPw/ZvkH14OYPtMTFCEAAAAASUVORK5CYII=', 'Unpaid', NULL),
(71, 'p20006', 'w16', '06-05-2026 02:53 PM', 'Generated', '06-05-2026 02:54 PM', 'Pending', NULL, 'iVBORw0KGgoAAAANSUhEUgAAAZoAAAGaAQAAAAAefbjOAAADHUlEQVR4nO1cW67iMAy1SSU+izQL6FLCDljS1eysWQoLQKKfSKk88iNtYeaDCjQ84vPRW6CWWteyj4+TiwSrkTbrbQDcyOCOMLgjDO4IgzvC4I4wuCM+yRFoaADSjpkCIkLajYh74MNQLti/5PZWwo0ecUSjf2LPx+GXfkL97rglSAhAMIS8+MFdXkPsDSUBxGMD1LekPQj+UAb5QTPIq25vFdzoCTliRjpckGDQbMBnXEVu4C6vyRHxDJwUAhEXkvnsTW7vHrjRM3JEy1ViEKYQCNLhhADtqYHUKYOApZLlLv9iRwAxwBAI4vlfh3JB5Kv7N3+mjRs9nCNo+kypu3B6uCDwGaVd4F+vtW53+ffniEgZqC85opyBfkd9m/U6heeISqoGyYtXFindp7aggYgkStrsVaOyHEGcFGiRLaT1uGYUniMq4RFpdyaMfZ5aD+41IGQUMsFNyNx1vP0zbdzo4YjAeGyyqlHpcJKP0xWBODhQKosRTHc5fK8jwMhiK9yRmQJzBromlTPRdGZZD48glSaFRQqtKPLERDmnhsN7jUpyBFhzMfcaJQ4WGcQjohKjKLWC2YO+8wFRa4Vi2JIMQK03/YxnWgc3uskRUBpPbUFVti6MwuBVo7owGngNVUeE+1I1tNewNVSNrpT4rGe6F25UsFSnWz4qlZzYplCIiW06j6hHxQ6TSCkjTuGTV/K2zzUqm32OrEERYOqWc05K+5ARYMtfjo0rVFXlCFJJSpPCkkdIM6pthleNavQI4L6iQKUIYQ+zKOF6RF2a5dnkyoVsPS+pUvg0vC4eQfrOMZ5HXmw58nhLDrabA2MPMvN6/2fauNET11mSJAotGH8nCp9rVBN7Ud41L8xHXgYhW/0UOvAwKeJVt7cObvTMPV1ER0T8UVox8nCjbAOdi4i7vKbYQ+yI6Hd34QAJpLGh861BRInX3t5dcKNn7vIjGJosmz8VCUPGSGNjvFOCw11u+PYVMySkch5zFNVqXprtzLLCPV3Q3sy3JkXT11BVYYT+n8k+4j1t3EjhjjC4IwzuCIM7wuCOMPw/ZvkH14OYPtMTFCEAAAAASUVORK5CYII=', 'Unpaid', NULL),
(72, 'p101', 'icu', '13-05-2026 01:56 AM', 'Generated', '13-05-2026 01:58 AM', 'Pending', NULL, 'iVBORw0KGgoAAAANSUhEUgAAAZoAAAGaAQAAAAAefbjOAAADOUlEQVR4nO1cS46jQAy1CVKWIM0BchRys1GONDcIR+kDtATLkUAe+VOBZNV0mCak3luUCohFYV67/KNZaDHaYrkMEYQCUEQAighAEQEoIgBFBKCIPSmCAyUR9dNMB7169nPMfN5keQsBoRUU0YiiU26cBhKRgZhr9SJ1IDrY9eSFQuUZKKJPBqD5KN0oGEEmhN3YaHmLAKFVFdGewhQYQfh399/u9BVA6McVUT4cS3suB5+29YGk5cOwzp0KCO2KEZUaht48CjMUQynU/yK2Q4Xs55kKCD2viNYiidriilKdiaNEXOEBx+ihxgp3WgYIbWQjZDphewX1IxNVf5UCI8u9hcB7emvCkkeVjUefh5hdNdy8VjqrBorD9GO5vvgzFRB6nhGOakiDXlAKUGOxhp7TGRiRC/dEU1IiHyWZoXAykNqIy8lMhuGADNUeX+73dw1yU+CzsBu+k0x2A7tGTjlL0ggjnR/Z/Ah3LzWPaYeoa+zy5S6D/9mL7RoPUMfB/Ul3IdJP4FlmwYiJAhpwdPP6lgUc1IARWfkRnZLhFlI4LYwCFpGmIQjy4s9UQGiNDNVQEvVHsbQkmx/R1p0daoZKc1XVQNxY2AGVB964rtFayrr6ZImSRk3cdGPM9JqWOYZ9PFMBoXU6ZshrGGoorG3mwqU30NjVCDOevtMyQGgjG8FUdfrixzAZzZ+jWNlTtwlhNRSiBY8fX14BoY08S/LyRQoyI+ZMTqUnrFL+Cp5lDoRtrPytvqM3z92SUzqIdONd/mofz7QMEHqIPsXS1skeTJFmGIowGYg+M6LRyCKiRkHz2dYic3MlvdLV1tozsdXylgBCK1XDxataToFU5wzjoTDjAT/i3blHcg/y3PXUgT3VQz2PCc8ys2+6RL1Iz0JYf4S3RljvZaf10E2WtxAQWrOrTqKDLrXNaHFjtnXARuRU6aJZhDGx5I4MYESOQn3pX3vKxdrxbcPwHDe687MUaq2QYSkp+zBYY874HPgVlvcVQGhVP8JgfoR3Tvm51KLvV6HywNt359OUhYh/GTDvzkcPVZbfdMmcGzZE0grd+ft7uQWEHFBEAIoIQBEBKCIARQS+5Vn+AxkHhTxIBcKjAAAAAElFTkSuQmCC', 'Unpaid', NULL);

-- Medicine line items (one per original row - the original data had exactly one medicine per request)
INSERT INTO request_items (request_id, medicine_name, unit, quantity, cost) VALUES
(1, 'insulin', 'unit(s)', 2, 17.0),
(2, 'paracetamol', 'unit(s)', 19, 3900.0),
(3, 'xyz', 'unit(s)', 20, 500.0),
(4, 'xyz', 'unit(s)', 5, 45.0),
(5, 'hbsdfh', 'unit(s)', 8, 3900.0),
(6, 'hbsdfh', 'unit(s)', 13, 1900.0),
(7, 'hbsdfh', 'unit(s)', 67, 3900.0),
(8, 'surgry', 'unit(s)', 1, 45000.0),
(9, 'surgry', 'unit(s)', 1, 10000.0),
(10, 'Ghjdb', 'unit(s)', 12, 5000.0),
(11, 'cardicac medicine ', 'unit(s)', 19, 2500.0),
(12, 'xyz ', 'unit(s)', 56, 52000.0),
(13, 'paracetamol', 'unit(s)', 19, 45.0),
(14, 'Password ', 'unit(s)', 85, 3900.0),
(15, 'paracetamol', 'unit(s)', 19, 10000.0),
(16, 'paracetamol', 'unit(s)', 19, 12580.0),
(17, 'paracetamol', 'unit(s)', 19, 3900.0),
(18, 'paracetamol', 'unit(s)', 3, 45.0),
(19, 'paracetamol', 'unit(s)', 19, 45.0),
(20, 'paracetamol', 'unit(s)', 19, 5000.0),
(21, 'paracetamol', 'unit(s)', 19, 3900.0),
(22, 'paracetamol', 'unit(s)', 20, 3901.0),
(23, 'cardicac medicine ', 'unit(s)', 31, 45.0),
(24, 'cardicac medicine ', 'unit(s)', 32, 60000.0),
(25, 'cardicac medicine ', 'unit(s)', 32, 5000.0),
(26, 'cardicac medicine ', 'unit(s)', 32, 45.0),
(27, 'cardicac medicine ', 'unit(s)', 32, 5000.0),
(28, 'cardicac medicine ', 'unit(s)', 32, 3900.0),
(29, 'cardicac medicine ', 'unit(s)', 32, 3900.0),
(30, 'cardicac medicine ', 'unit(s)', 32, 45.0),
(31, 'cardicac medicine ', 'unit(s)', 32, 67000.0),
(32, 'cardicac medicine ', 'unit(s)', 67, 3900.0),
(33, 'cardicac medicine ', 'unit(s)', 67, 5000.0),
(34, 'cardicac medicine ', 'unit(s)', 50, 7000.0),
(35, 'cardicac medicine ', 'unit(s)', 789, 3900.0),
(36, 'cardicac medicine ', 'unit(s)', 789, 3900.0),
(37, 'cardicac medicine ', 'unit(s)', 789, 3900.0),
(38, 'cardicac medicine ', 'unit(s)', 789, 3900.0),
(39, 'cardicac medicine ', 'unit(s)', 789, 45.0),
(40, 'cardicac medicine ', 'unit(s)', 789, 5000.0),
(41, 'cardicac medicine ', 'unit(s)', 789, 3900.0),
(42, 'cardicac medicine ', 'unit(s)', 50, 45.0),
(43, 'cardicac medicine ', 'unit(s)', 50, 5000.0),
(44, 'Ghjdb', 'unit(s)', 25, 5000.0),
(45, 'Ghjdb', 'unit(s)', 255, 5000.0),
(46, 'Ghjdb', 'unit(s)', 2586, 5000.0),
(47, 'cardicac medicine ', 'unit(s)', 50, 7500.0),
(48, 'cardicac medicine ', 'unit(s)', 50, 5000.0),
(49, 'cardicac medicine ', 'unit(s)', 50, 45.0),
(50, 'cardicac medicine ', 'unit(s)', 50, 5000.0),
(51, 'cardicac medicine ', 'unit(s)', 50, 45.0),
(52, 'cardicac medicine ', 'unit(s)', 50, 3900.0),
(53, 'cardicac medicine ', 'unit(s)', 50, 5000.0),
(54, 'cardicac medicine ', 'unit(s)', 50, 5000.0),
(55, 'cardicac medicine ', 'unit(s)', 50, 45.0),
(56, 'cardicac medicine ', 'unit(s)', 50, 5000.0),
(57, 'cardicac medicine ', 'unit(s)', 29, 3900.0),
(58, 'Drg', 'unit(s)', 88, 2580.0),
(59, 'cardicac medicine ', 'unit(s)', 29, 29000.0),
(60, 'Drug', 'unit(s)', 25, NULL),
(61, 'cardicac medicine ', 'unit(s)', 29, NULL),
(62, 'cardicac medicine ', 'unit(s)', 29, NULL),
(63, 'sur', 'unit(s)', 29, 5000.0),
(64, 'surgry', 'unit(s)', 29, 3900.0),
(65, 'surgry', 'unit(s)', 29, 5000.0),
(66, 'surgry', 'unit(s)', 29, 3900.0),
(67, 'Drug', 'unit(s)', 25, 2569.0),
(68, 'Drugs ', 'unit(s)', 255, 5000.0),
(69, 'surgry', 'unit(s)', 29, 300.0),
(70, 'surgry', 'unit(s)', 29, 5000.0),
(71, 'surgry', 'unit(s)', 29, 5000.0),
(72, 'adrenalin', 'unit(s)', 67, 107.0);
